,AuthId,Catch_01,Catch_02,Catch_03,Decenter_01,Decenter_02,Decenter_03,Decenter_04,Decenter_05,Decenter_06,Decenter_07,Decenter_08,Decenter_09,Decenter_10,Decenter_11,Decenter_12,Decenter_13,Decenter_14,Decenter_15,Decenter_total,Domain1,Domain2,Domain3,Domain4,Domain5,FFMQ_01,FFMQ_02,FFMQ_03,FFMQ_04,FFMQ_05,FFMQ_06,FFMQ_07,FFMQ_08,FFMQ_09,FFMQ_10,FFMQ_11,FFMQ_12,FFMQ_13,FFMQ_14,FFMQ_15,FFMQ_ActingwAwareness,FFMQ_Describing,FFMQ_NonJudging,FFMQ_NonReactivity,FFMQ_Observing,FFMQ_total,PSS_01,PSS_02,PSS_03,PSS_04,PSS_05,PSS_06,PSS_07,PSS_08,PSS_09,PSS_10,PSS_total,PersonalWB_01,PersonalWB_02,PersonalWB_03,PersonalWB_04,PersonalWB_05,PersonalWB_06,PersonalWB_07,PersonalWB_08,PersonalWB_09,PersonalWB_10,PersonalWB_11,PersonalWB_Anger,PersonalWB_Anxiety,PersonalWB_Happiness,PersonalWB_SWLS,PersonalWB_Sadness,Reappraisal_01,Reappraisal_02,Reappraisal_03,Reappraisal_04,Reappraisal_05,Reappraisal_06,Reappraisal_07,Reappraisal_08,Reappraisal_09,Reappraisal_10,Reappraisal_11,Reappraisal_12,Reappraisal_13,Reappraisal_14,Reappraisal_15,Reappraisal_16,Reappraisal_17,Reappraisal_CFI,Reappraisal_ERQ,Reappraisal_SRI,Reappraisal_total,SMM_01,SMM_02,SMM_03,SMM_04,SMM_05,SMM_06,SMM_07,SMM_08,SMM_total,SocialDomains_total,SocialWB_01,SocialWB_02,SocialWB_03,SocialWB_04,SocialWB_05,SocialWB_06,SocialWB_07,SocialWB_08,SocialWB_09,SocialWB_10,TestAnxiety_01,TestAnxiety_02,TestAnxiety_03,TestAnxiety_04,TestAnxiety_05,TestAnxiety_06,TestAnxiety_07,TestAnxiety_08,TestAnxiety_09,TestAnxiety_10,TestAnxiety_11,TestAnxiety_12,TestAnxiety_13,TestAnxiety_14,TestAnxiety_15,TestAnxiety_16,TestAnxiety_17,TestAnxiety_18,TestAnxiety_19,TestAnxiety_20,TestAnxiety_21,TestAnxiety_numberoftest,TestAnxiety_total,Time,CatchSum,CorrectID
1,01qVQ1LkSFhYH9lyPmbzClAxlzx1,1,1,1,5,4,4,3,5,4,4,3,3,3,4,3,3,4,4,56,7,3,7,9,8,4,4,2,2,3,4,4,2,3,3,4,4,2,2,3,6,12,7,9,12,46,3,2,4,2,3,3,2,3,2,4,28,5,4,4,3,4,5,5,5,6,4,5,9,10,9,13,9,4,4,6,4,2,4,6,6,6,6,6,3,4,4,2,2,2,30,24,17,71,2,2,1,2,1,2,1,2,13,34,5,2,1,2,5,2,2,7,4,4,1,1,1,1,1,1,1,1,1,1,1,1,1,1,1,1,1,1,2,2,1,5,23,2,3,45095
2,0FN3lvPuYTQcyjUh9vIdVXc4nVu2,1,1,1,3,4,4,4,4,4,4,4,4,4,4,4,4,4,4,59,17,16,16,15,15,3,2,4,3,3,3,3,3,3,4,4,3,3,4,4,10,8,10,11,10,49,2,2,2,2,2,3,1,2,2,1,19,6,6,6,4,5,3,3,5,3,1,4,7,7,10,18,4,5,5,5,5,5,4,5,5,5,4,5,4,4,3,3,4,3,24,29,21,74,3,2,2,2,3,2,2,2,18,79,8,9,8,8,8,8,8,7,8,7,2,2,2,2,2,2,2,2,2,2,2,1,2,2,2,1,2,2,2,2,2,1,40,2,3,45154
3,0LiaJvxICZhTK39It56OIHMo4rt1,1,1,1,3,2,2,2,2,3,4,3,3,3,3,3,3,3,3,42,11,13,11,11,13,3,3,4,3,3,4,3,4,4,3,2,3,4,3,2,12,9,10,8,9,48,2,1,3,2,2,2,2,2,2,3,21,2,4,4,3,4,4,5,5,4,4,4,7,9,9,10,8,5,5,5,5,5,5,6,6,6,6,6,4,4,4,4,3,3,30,30,22,82,2,3,1,3,1,2,2,2,16,59,6,5,6,7,6,5,5,6,6,7,1,1,2,1,1,2,1,1,1,1,1,1,1,1,1,1,1,1,1,2,1,2,24,2,3,45421
4,0yZDNqUj0zMlEMeaLr7c63LXmto1,1,1,1,3,2,2,2,2,4,4,2,3,4,2,3,2,2,3,40,7,6,8,11,13,4,4,1,1,3,4,4,2,2,2,4,4,1,2,3,4,12,5,8,12,41,3,4,4,2,1,3,2,2,3,2,26,3,4,3,6,2,6,7,3,6,5,7,12,14,5,10,11,5,6,4,4,6,5,6,6,5,6,3,3,4,4,2,2,2,26,30,17,73,2,1,1,3,1,1,2,1,12,45,4,3,4,2,6,2,4,7,6,7,1,1,1,1,1,1,1,1,1,1,1,1,2,1,1,1,1,1,2,2,1,2,24,2,3,46372
5,0zHNihdgOlZkAFRqMalDYit2FVd2,1,1,1,4,4,3,4,3,3,3,3,2,4,4,3,3,2,2,47,14,13,9,12,16,4,3,1,1,3,5,3,3,1,3,4,3,1,1,3,5,9,3,9,13,39,3,2,4,2,2,2,2,2,1,2,22,4,3,3,2,4,4,6,4,4,4,4,6,10,8,10,8,3,3,3,5,2,3,5,5,5,5,5,4,3,4,2,2,2,25,19,17,61,3,3,1,2,3,1,2,3,18,64,7,7,6,7,7,2,6,6,8,8,1,1,1,1,2,1,1,1,1,1,1,1,1,1,1,1,1,1,2,2,1,1,24,2,3,45563
6,26Lma6C5l6WD7yQbsqJpDvpbHRI3,1,1,1,3,2,1,1,3,4,5,4,4,4,4,2,4,2,3,46,7,14,7,3,20,3,2,4,2,3,4,1,4,2,4,3,1,4,3,3,12,4,7,10,10,43,3,4,3,3,2,3,2,1,1,2,24,4,6,3,3,3,3,6,5,3,4,6,6,12,8,13,7,3,5,3,3,3,6,6,6,6,6,5,2,1,2,3,3,3,29,23,14,66,0,0,0,0,0,0,0,0,0,51,4,3,10,4,5,2,3,0,10,10,1,1,2,1,2,1,1,1,1,1,1,1,1,1,1,1,1,1,1,2,1,1,24,2,3,45335
7,2EM54hUwOVWWSEHrFBnnNvQfTxI2,1,0,1,3,4,3,4,4,3,4,4,5,3,3,2,2,3,2,49,11,12,11,14,8,4,2,4,3,3,4,2,4,3,3,4,2,4,3,3,12,6,9,9,12,48,2,2,3,2,2,3,1,2,1,2,20,6,4,5,3,5,5,6,5,4,4,6,7,12,10,15,9,5,6,5,6,4,5,6,6,5,6,6,4,4,4,2,2,2,29,31,18,78,2,3,1,2,1,1,1,2,13,56,6,5,6,6,6,5,6,8,4,4,1,1,1,1,1,1,1,1,1,2,1,1,1,1,1,1,1,2,1,2,1,0,24,2,2,45224
8,2Se9syGIOxdr1lnRc6fir2RXbVD2,1,1,1,4,2,3,3,3,4,5,4,5,5,3,4,3,4,4,56,14,17,16,18,14,2,3,3,3,5,5,3,4,4,3,4,4,4,3,3,11,10,10,11,11,53,1,1,2,1,1,0,1,0,2,0,9,3,6,6,2,5,2,4,7,3,1,4,5,8,12,15,3,6,6,6,6,6,6,7,7,7,7,7,5,5,5,3,4,3,35,36,25,96,1,1,1,1,1,1,1,1,8,79,6,8,9,8,8,8,9,9,7,7,2,1,2,2,1,2,1,2,1,1,1,1,1,1,1,1,1,1,2,2,1,3,28,2,3,45179
9,2d8c56iEKfUAwqIJwyahpdxiYVP2,1,1,1,3,3,3,3,2,2,2,3,3,2,4,2,2,1,2,37,14,11,9,14,13,4,2,3,2,3,1,2,2,2,4,4,2,2,1,2,7,6,5,9,9,36,3,2,4,1,2,3,1,3,2,2,23,3,4,4,2,4,4,5,5,3,3,7,5,12,9,11,7,5,5,5,4,3,4,4,4,4,4,4,4,4,4,4,4,3,20,26,23,69,0,1,0,0,1,0,2,0,4,61,7,7,6,5,6,3,6,8,6,7,1,1,1,1,1,1,1,1,1,1,1,1,1,1,1,1,1,1,1,2,1,2,22,2,3,46364
10,3OsHPA0os0W6n7WxMFUmEnaODlj1,1,1,1,5,4,5,5,4,3,4,4,4,3,2,4,3,4,3,57,19,19,17,19,20,5,4,3,5,2,4,3,5,5,3,3,2,5,4,3,13,9,14,8,12,56,0,0,1,1,1,1,0,1,2,1,8,6,7,7,1,6,1,1,6,2,1,2,3,3,12,20,2,5,5,6,5,6,5,7,7,7,6,7,3,3,3,2,2,2,34,32,15,81,3,3,3,3,3,1,2,2,20,94,10,9,9,10,9,8,10,9,10,10,1,1,2,1,2,2,1,1,2,1,1,1,2,1,1,1,1,1,1,2,1,1,27,2,3,45411
11,3Vidl7r8FdR7yqk4N903b63oysk2,1,1,1,4,4,4,4,4,4,4,4,4,3,3,4,3,4,4,57,14,14,11,13,14,4,2,2,3,4,4,2,3,2,4,4,2,2,2,3,7,6,7,11,12,43,1,2,2,1,2,2,1,1,1,1,14,5,4,4,2,6,3,4,6,2,2,4,4,8,12,13,5,6,6,6,6,6,6,7,6,6,6,6,3,3,4,3,3,3,31,36,19,86,3,3,2,2,2,3,2,3,20,66,7,7,7,7,7,4,6,7,7,7,2,2,2,1,2,2,2,1,2,1,1,1,1,2,1,1,2,1,2,2,2,1,33,2,3,45388
12,3bLux9KRxAgZJ2GqJu0Mla4n7a82,1,1,1,4,3,4,3,3,2,4,3,4,4,4,2,2,2,2,46,4,1,5,9,12,1,4,2,1,2,1,3,2,1,2,1,5,2,3,2,6,12,5,6,3,32,3,3,4,3,0,4,3,3,4,4,31,4,6,3,5,2,5,6,3,5,6,7,10,13,5,13,11,4,6,5,5,6,6,6,5,6,5,7,2,2,2,1,1,2,29,32,10,71,1,2,0,3,2,0,1,2,11,31,3,1,1,0,3,2,1,8,6,6,2,1,2,1,1,2,2,1,1,1,1,1,1,1,1,1,2,1,1,1,1,1,26,2,3,45410
13,4iBO32NseQeH0WrLfuWRTlArFeF2,1,1,1,3,3,3,3,3,3,4,3,4,3,3,3,4,3,3,48,20,20,20,19,19,3,3,5,4,2,3,4,4,5,2,3,4,5,4,3,14,11,13,7,9,54,0,0,2,0,1,1,2,0,1,1,8,6,7,7,1,4,1,2,6,1,1,1,2,3,10,20,2,6,6,5,5,5,5,7,7,6,6,6,3,3,3,3,4,3,32,32,19,83,0,2,1,2,2,2,2,1,12,98,10,10,10,10,10,10,10,9,9,10,1,1,2,1,1,2,2,2,2,2,1,1,1,1,2,2,2,2,2,2,1,0,33,2,3,45206
14,5NjTatWi8ZOQzVDttsDegTYZkhM2,1,1,1,5,5,3,3,4,5,5,5,5,4,3,3,3,3,4,60,20,18,20,14,20,5,5,5,5,4,5,5,4,5,4,5,4,4,4,3,13,14,14,11,15,67,1,1,2,1,1,1,1,1,1,0,10,7,7,7,1,6,2,3,7,2,1,3,3,6,13,21,3,7,7,6,7,6,6,7,7,7,7,7,5,5,5,4,1,1,35,39,21,95,2,2,2,2,2,2,2,2,16,92,10,10,9,9,10,10,9,5,10,10,2,2,2,1,1,1,1,1,1,1,1,1,1,1,1,1,1,1,2,2,2,0,27,2,3,45521
15,5T0UyjDe9MTBq48gUdSQlmE2u4l2,1,1,1,3,3,4,4,3,3,3,2,2,2,4,3,4,3,4,47,16,18,16,19,19,3,2,2,2,4,4,2,2,2,4,4,2,2,2,4,6,6,6,12,11,41,1,3,2,1,1,2,1,2,1,1,15,5,5,5,3,7,4,5,7,3,4,5,6,10,14,15,8,6,6,7,6,6,6,3,3,4,3,4,4,4,4,5,5,5,17,37,27,81,3,1,1,1,1,1,1,2,11,88,7,9,10,8,8,8,9,10,10,9,1,1,1,1,1,1,1,1,1,1,1,2,1,1,1,2,2,2,1,2,1,0,26,2,3,45549
16,5WcS9XNAGaWV7MJM8ZsvKAybPlx2,1,1,1,2,5,2,2,3,2,3,2,3,4,2,3,4,4,2,43,10,12,11,17,18,5,3,4,4,4,5,3,2,3,4,5,3,3,3,4,9,9,10,12,15,55,3,2,3,2,2,1,1,2,0,4,20,3,6,4,2,4,4,4,4,3,4,6,5,10,8,13,8,4,5,5,5,5,6,7,6,6,6,7,4,4,4,2,3,2,32,30,19,81,2,1,1,3,2,1,3,3,16,68,5,5,6,6,5,6,9,8,9,9,2,1,2,1,1,2,1,1,2,2,1,1,2,1,1,1,1,1,2,2,2,0,30,2,3,45396
17,5kBjnZSXzzV9sLzqo9FA2nnEP7y2,1,1,1,4,4,4,4,4,5,4,5,4,5,5,2,2,2,2,56,15,10,7,12,12,4,1,3,3,3,2,1,3,2,3,5,1,3,3,3,9,3,8,9,11,40,0,4,3,1,2,3,1,1,0,2,17,2,5,5,2,4,2,4,4,7,4,7,9,11,8,12,6,3,3,2,2,2,2,6,6,6,6,5,2,2,2,4,4,4,29,14,18,61,3,1,1,3,1,1,3,2,15,56,8,7,5,5,7,0,4,8,7,5,2,1,2,1,2,2,1,1,1,2,1,1,2,1,2,1,1,1,2,1,2,1,30,2,3,45193
18,65KjUpYbreTTYCaePlgZG9IkM9r2,1,1,1,4,4,3,3,3,3,3,3,4,3,3,3,2,3,3,47,2,3,4,7,9,2,3,4,3,3,3,3,3,3,3,4,2,3,2,3,10,8,8,9,9,44,3,3,3,2,2,3,3,2,3,3,27,2,2,2,5,3,6,6,3,5,4,7,10,13,6,6,10,2,3,4,5,6,5,6,5,6,5,5,3,3,3,4,4,4,27,25,21,73,2,1,1,2,1,1,1,2,11,25,0,2,2,1,3,1,4,3,4,5,2,1,1,1,1,2,1,1,1,1,1,1,1,1,1,1,1,2,1,2,1,1,25,2,3,45169
19,6BgqoRXtfUf0oGCRuZuVpqkvWho1,1,1,1,4,5,3,2,4,2,5,3,5,4,4,5,3,4,3,56,7,5,3,12,1,5,5,3,2,4,5,4,2,3,5,5,5,3,1,3,8,14,6,12,15,55,3,4,4,2,4,2,1,3,3,3,29,2,2,3,5,4,5,7,5,4,4,7,9,14,9,7,9,5,5,6,5,5,6,7,6,7,6,5,2,4,4,4,4,4,31,32,22,85,0,4,0,1,1,0,1,0,7,28,3,4,2,3,2,1,5,7,1,0,1,1,1,1,1,1,1,1,1,1,1,1,1,1,1,1,1,1,1,2,1,2,22,2,3,46588
20,6IMc2H8rL2OrQprXoep0EOqfRMQ2,1,1,1,2,2,2,2,2,4,4,4,4,4,3,5,4,4,4,50,7,9,6,12,10,2,4,2,3,5,4,4,2,3,3,4,4,2,3,3,6,12,9,11,10,48,3,3,3,2,3,3,2,3,2,4,28,3,4,3,4,3,5,6,3,4,3,5,8,11,6,10,8,6,6,6,6,5,6,6,6,6,6,6,4,4,4,5,4,5,30,35,26,91,2,3,2,3,3,1,2,3,19,44,4,3,5,4,4,2,6,6,5,5,1,1,2,1,1,1,2,1,1,1,1,1,1,1,1,1,1,1,1,1,1,2,23,2,3,45295
21,6IrBcmbOEjVTcQn0Q12FN3CkBkb2,1,1,1,4,1,3,3,2,3,4,4,4,4,4,4,5,4,3,52,20,19,20,18,20,3,4,2,2,3,2,3,2,2,3,3,2,2,2,4,6,9,6,10,8,39,0,0,2,0,1,1,4,1,0,1,10,7,7,7,2,6,4,4,7,2,1,4,4,8,13,21,5,7,7,7,7,7,7,7,7,7,7,7,5,5,5,4,5,3,35,42,27,104,4,4,0,3,1,0,2,4,18,97,10,10,9,10,10,10,9,9,10,10,2,1,1,1,1,2,1,1,1,1,1,2,2,1,2,1,1,1,1,2,1,0,27,2,3,46354
22,6NUUwysAEdM4BIXeCO5y9O7LpGt2,1,1,1,2,2,3,2,2,2,3,2,1,2,3,3,1,3,3,34,10,6,8,12,8,3,2,2,3,2,4,3,2,2,2,2,3,2,2,2,6,8,7,6,9,36,1,2,4,3,3,3,2,4,3,4,29,2,4,3,4,4,5,6,5,4,5,6,8,12,9,9,10,3,3,5,3,5,3,5,3,5,4,6,3,4,4,2,2,2,23,22,17,62,3,2,1,3,3,1,2,3,18,44,6,4,4,2,5,3,6,6,4,4,1,1,2,1,1,2,1,1,1,1,1,1,1,1,1,1,1,1,1,2,1,4,24,2,3,45083
23,79oPhEIaWnUgjJFwv0P0l8yQFyV2,1,1,1,2,2,3,4,2,2,3,3,5,3,1,1,1,2,1,35,10,11,9,9,7,2,3,4,2,2,3,3,3,2,2,4,4,3,1,2,10,10,5,6,9,40,3,4,4,3,3,4,2,2,3,4,32,3,5,4,4,4,4,5,4,4,2,7,8,12,8,12,6,5,5,6,4,4,5,7,6,6,5,5,3,4,4,5,4,4,29,29,24,82,1,4,1,1,1,1,1,2,12,46,4,6,5,6,6,3,4,5,3,4,1,1,2,1,1,1,1,1,1,1,1,1,1,1,2,1,1,1,2,2,1,1,25,2,3,45155
24,7CbYQqKoBgTUo0IkqdghHMD2W0u2,1,1,1,4,3,2,1,3,3,4,2,3,2,3,3,2,4,4,43,11,16,18,18,11,3,2,4,4,5,3,2,3,4,4,3,4,3,3,4,10,8,11,13,9,51,2,1,3,0,2,2,1,1,2,1,15,6,4,6,2,4,4,4,4,2,4,5,4,9,8,16,8,5,5,6,5,6,5,6,6,6,7,5,3,4,4,2,3,3,30,32,19,81,1,4,2,4,3,2,1,3,20,74,5,6,10,6,9,9,8,10,6,5,1,2,2,1,1,2,2,2,2,1,1,2,2,2,2,1,1,1,1,1,2,1,32,2,3,45432
25,7G4nt8RNQydFm8TtKmfjaua6rcv2,1,1,1,3,3,3,3,3,4,4,4,4,4,3,3,4,4,4,53,14,14,12,13,18,2,5,4,3,4,5,4,4,4,2,4,4,4,4,4,12,13,11,10,11,57,3,3,3,1,2,2,2,1,2,2,21,6,6,6,4,5,4,4,5,4,2,4,8,8,10,18,6,6,6,6,6,6,6,5,6,5,6,7,4,4,4,2,2,2,29,36,18,83,3,3,3,3,3,3,3,3,24,71,7,7,7,7,5,7,7,6,9,9,2,2,2,2,2,1,2,2,2,2,1,1,2,1,2,1,2,2,1,2,1,2,35,2,3,45361
26,7U8HR8DtikPsqzv3fT0hZjSVNdH2,1,1,1,4,4,4,4,4,4,4,4,3,3,4,4,4,4,4,58,14,15,17,20,10,5,5,3,3,3,5,5,3,3,4,5,4,2,3,4,8,14,9,11,15,57,2,3,2,3,2,1,2,1,2,1,19,6,6,5,3,6,4,4,6,5,2,4,8,8,12,17,6,5,5,6,6,4,6,7,7,7,7,7,4,4,4,4,4,4,35,32,24,91,3,4,1,4,0,2,2,3,19,76,7,7,9,6,7,10,10,10,5,5,2,1,2,2,2,2,2,2,2,2,2,2,2,2,2,1,1,2,2,2,2,1,39,2,3,45535
27,7UebPglo3IQYFpL2rODDWhdjQYB3,1,1,1,3,2,2,3,3,3,4,4,4,4,3,4,2,3,3,47,17,12,18,16,18,4,4,4,5,5,4,2,3,5,1,4,4,3,4,1,10,10,14,7,12,53,1,1,2,0,1,2,1,1,2,1,12,6,7,7,2,5,2,3,5,3,3,4,5,7,10,20,5,2,6,5,6,6,6,6,6,6,6,6,4,4,4,4,4,3,30,31,23,84,1,3,1,3,3,0,3,2,16,81,9,8,5,7,9,9,8,8,9,9,1,2,2,1,1,2,1,2,1,2,1,2,1,1,1,2,1,1,2,2,1,1,30,2,3,45582
28,7aclBflG0lc4AZWl1R7NL0XnoEz2,1,1,1,3,2,1,1,2,4,4,4,4,3,4,5,3,3,3,46,13,17,14,18,14,1,2,5,5,1,2,4,3,5,2,1,4,3,5,3,11,10,15,6,4,46,1,0,2,1,1,2,0,1,2,1,11,5,5,5,1,5,1,2,6,2,1,1,3,3,11,15,2,5,5,6,5,4,4,7,6,6,5,6,4,4,4,3,3,3,30,29,21,80,1,3,2,2,1,2,2,0,13,76,7,6,10,7,6,8,9,9,7,7,1,1,1,1,2,2,2,2,2,1,2,1,2,1,2,1,1,1,1,2,1,2,30,2,3,45526
29,7rdz9VzFPBaVzh23IjelLAY7xwa2,1,1,1,2,4,2,2,3,2,2,4,3,3,4,2,2,4,3,42,8,8,8,9,8,4,3,2,2,2,2,2,4,2,4,4,3,4,2,3,10,8,6,9,10,43,1,2,3,2,2,2,1,3,1,2,19,2,6,3,1,4,5,4,4,4,5,5,5,9,8,11,10,6,6,5,5,5,5,4,3,5,4,4,4,3,3,4,4,4,20,32,22,74,3,4,1,3,1,1,2,2,17,41,4,4,3,5,4,4,6,3,3,5,1,1,2,1,1,2,2,1,2,1,1,1,1,1,1,1,1,2,1,2,2,1,28,2,3,45276
30,83JEmHQwRFaJCBBHJLIHWy29ldc2,1,1,1,3,3,3,3,3,3,3,5,5,5,3,3,3,4,4,53,14,12,20,14,15,3,4,3,2,3,3,4,2,2,4,4,4,3,2,3,8,12,6,10,10,46,2,4,2,3,3,1,3,3,2,2,25,5,5,5,2,7,4,4,7,5,3,4,7,8,14,15,7,7,7,7,7,7,7,6,7,6,6,6,5,5,5,3,2,1,31,42,21,94,3,3,3,3,3,1,3,3,22,75,7,7,4,8,10,10,7,7,8,7,2,2,2,2,1,2,2,1,1,2,2,2,2,1,2,1,2,1,2,2,2,0,36,2,3,45132
31,899g8V8ZSthgCD1F9K8iKohUkmO2,1,1,1,4,4,3,4,4,3,3,2,3,2,4,4,4,5,4,53,0,8,8,12,20,4,1,3,2,4,1,1,4,2,4,3,1,5,2,4,12,3,6,12,8,41,2,4,4,1,3,4,4,4,4,4,34,2,2,2,6,4,6,6,4,6,6,6,12,12,8,6,12,4,4,5,5,5,5,7,7,7,7,7,2,2,2,1,1,1,35,28,9,72,2,3,1,3,1,3,2,3,18,48,0,0,3,5,8,0,2,10,10,10,2,1,1,1,1,1,1,1,1,1,1,1,2,1,1,1,1,1,1,2,1,2,24,2,3,45530
32,8a2WT1RjnfhfugCmlftaaNdNNuI3,1,1,1,4,4,4,3,4,3,3,3,4,4,3,3,3,3,4,52,11,14,12,13,14,4,4,2,3,4,3,2,2,3,3,3,4,2,3,3,6,10,9,10,10,45,3,3,4,2,2,3,2,2,3,3,27,4,5,5,6,4,5,7,4,5,4,7,11,14,8,14,9,6,6,6,6,5,6,7,7,7,7,7,4,4,4,3,3,3,35,35,21,91,1,3,1,3,1,3,1,2,15,64,6,5,8,6,6,6,6,7,7,7,1,1,1,1,1,1,1,1,1,1,1,1,1,1,1,1,1,1,1,2,1,1,22,2,3,45369
33,8dT1yciYH0eS5DB8rZfrsnsPOac2,1,1,1,2,3,2,3,4,4,4,4,5,5,2,2,2,3,3,48,4,5,5,15,6,4,2,4,3,3,4,2,2,3,2,4,2,4,3,2,10,6,9,7,12,44,4,4,3,2,4,4,2,3,4,3,33,2,1,4,5,4,6,5,3,5,5,6,10,11,7,7,11,5,5,4,5,5,5,6,3,6,5,6,2,4,2,2,1,1,26,29,12,67,2,2,2,2,2,2,2,2,16,35,3,1,3,2,3,2,9,6,4,2,1,1,1,1,1,1,1,1,2,1,1,1,1,1,1,1,2,1,2,1,1,0,24,2,3,45166
34,8eTM7SCHzwhscTF4RpGauBCvjj73,1,1,1,2,2,2,2,3,4,4,4,4,4,3,3,2,3,2,44,11,13,7,9,20,3,3,4,3,2,3,3,3,3,4,3,2,4,2,2,11,8,8,8,9,44,2,2,3,2,3,2,3,3,3,1,24,3,3,2,5,4,4,5,4,6,3,4,11,9,8,8,7,5,5,6,6,7,6,7,6,6,5,5,3,3,3,4,4,4,29,35,21,85,1,1,1,2,1,1,2,1,10,60,6,5,6,7,4,3,4,5,10,10,2,1,1,1,1,2,1,1,1,1,1,1,2,2,1,2,1,1,1,2,1,2,27,2,3,45471
35,8rhQcv79hSP4YOwLYTpeyhQhvTF3,1,1,1,3,2,3,4,2,3,4,3,4,4,3,2,3,2,1,43,10,4,6,14,14,4,3,3,4,3,1,3,2,4,2,2,3,1,3,3,6,9,11,8,7,41,2,3,3,2,2,3,2,1,2,2,22,5,3,4,3,5,4,4,5,4,4,5,7,9,10,12,8,3,3,4,3,5,4,7,6,7,6,6,4,4,4,5,4,3,32,22,24,78,1,2,0,3,2,0,2,2,12,48,5,5,1,3,4,2,4,10,7,7,1,1,1,1,1,1,1,1,1,1,1,1,2,1,1,1,1,1,1,2,1,1,23,2,3,45221
36,9AMB6VPvTjSchk3oM5jBp4KUvfs2,1,1,1,3,3,3,4,3,4,4,3,4,3,2,3,3,3,3,48,10,10,11,14,14,3,2,3,3,3,4,2,3,3,3,4,2,3,3,3,9,6,9,9,11,44,3,4,3,2,2,2,2,3,2,2,25,3,3,4,3,4,5,5,4,6,4,6,9,11,8,10,9,5,5,6,5,5,4,7,6,6,6,6,4,4,4,3,2,3,31,30,20,81,2,1,1,2,2,1,2,2,13,59,5,5,6,4,5,6,6,8,7,7,1,1,1,1,2,1,2,1,1,1,1,1,1,1,1,1,1,1,1,2,1,0,24,2,3,45113
37,9Jq4DtKJtscJTkBGDFSnwPErLmq1,1,1,1,4,3,3,3,2,2,2,2,3,3,2,3,4,3,4,43,7,8,2,6,11,3,2,2,4,2,3,3,4,4,2,4,2,3,3,4,9,7,11,8,10,45,0,0,3,2,3,3,3,3,2,3,22,2,2,3,1,2,5,6,4,3,4,6,4,12,6,7,9,5,5,4,5,5,5,4,4,4,5,4,3,4,4,1,2,2,21,29,16,66,0,2,1,0,0,1,0,1,5,34,3,4,3,5,0,2,3,3,7,4,1,1,1,1,1,1,2,1,1,1,1,1,1,1,1,1,1,1,1,1,1,1,22,2,3,45220
38,9k7gQH4DatT7MbS9N4vU1MIYqZi2,1,1,1,4,4,4,4,4,3,4,4,3,3,3,3,3,3,3,52,10,10,11,13,11,3,3,3,4,4,3,3,4,4,3,4,3,3,2,3,10,9,10,10,10,49,3,3,3,2,2,2,1,3,2,3,24,4,5,6,4,4,5,5,5,3,4,5,7,10,9,15,9,5,5,5,5,5,5,6,6,6,6,6,4,4,4,1,2,3,30,30,18,78,2,2,1,2,3,1,2,2,15,55,5,5,4,6,6,5,6,7,8,3,1,1,2,1,1,1,1,1,1,2,1,1,1,1,1,1,1,2,1,2,1,3,25,2,3,46358
39,9khyyYJgMASKWabvdxJZGJZJeMV2,1,1,1,3,2,2,3,3,3,4,4,4,4,4,3,2,2,2,45,7,7,8,11,9,5,2,3,3,4,2,3,2,4,2,4,2,3,3,2,8,7,10,8,11,44,3,1,4,2,2,4,2,3,3,3,27,1,1,3,5,2,5,6,2,6,6,6,11,12,4,5,11,6,6,3,3,3,5,5,5,2,3,5,2,4,3,3,2,4,20,26,18,64,3,2,1,1,1,1,1,1,11,42,4,3,4,3,5,3,3,8,7,2,1,1,1,1,1,1,1,1,1,1,1,1,1,1,1,1,2,2,2,2,1,0,25,2,3,45499
40,AGbtNNKScnglZkqvZKdjRqh1JJH3,1,1,1,3,2,3,4,3,3,3,3,3,3,3,2,3,3,3,44,8,7,10,10,14,3,3,3,2,3,3,3,3,3,3,3,3,3,3,3,9,9,8,9,9,44,2,1,3,2,1,2,2,2,1,2,18,4,3,4,3,4,4,5,4,4,4,5,7,10,8,11,8,5,4,5,5,4,4,4,5,4,5,5,4,3,3,3,4,3,23,27,20,70,2,1,1,3,2,2,3,2,16,49,4,4,4,3,5,5,4,6,7,7,2,1,2,1,1,2,2,1,1,2,1,2,2,2,1,1,1,1,1,2,1,1,30,2,3,46363
41,ATrhWW8kxeRBNhxjN867W4yCDNB3,1,1,1,3,4,3,2,2,1,4,3,4,4,3,3,4,3,3,46,5,13,3,5,9,4,4,4,4,2,4,5,4,3,2,3,4,4,4,4,12,13,11,8,11,55,2,4,3,3,3,3,2,0,4,3,27,1,4,2,4,3,5,6,2,4,4,4,8,10,5,7,9,5,5,5,5,5,5,4,3,3,3,5,3,3,3,4,2,4,18,30,19,67,1,1,1,1,3,1,1,1,10,35,3,2,8,5,2,1,2,3,5,4,2,1,2,1,2,2,2,1,1,2,1,1,1,1,1,1,2,2,2,2,1,1,31,2,3,46110
42,AZprZA71Jvgff6zGx8GfS23Z1QW2,1,1,1,3,3,3,3,3,4,3,3,3,2,3,3,2,3,3,44,13,15,12,11,16,3,4,3,4,4,3,4,5,5,3,4,3,4,4,2,12,11,13,9,10,55,1,3,3,2,2,2,2,1,2,2,20,4,5,6,4,5,4,5,5,5,3,4,9,9,10,15,7,5,5,5,5,5,4,5,5,5,6,5,4,5,5,3,4,2,26,29,23,78,2,3,1,1,3,1,2,1,14,67,8,5,8,7,6,6,5,6,8,8,1,1,1,1,1,1,1,1,1,1,1,1,1,1,1,1,1,1,2,2,1,0,23,2,3,45561
43,B8BbgUDoXhM8zC0HjXhcJ18z9yh2,1,1,1,3,3,2,3,4,5,4,4,5,4,3,3,3,4,3,53,8,6,12,13,7,3,4,3,4,4,4,4,2,4,3,2,4,3,3,3,8,12,11,10,9,50,2,2,3,2,3,3,2,1,2,2,22,3,6,5,4,3,5,3,4,5,4,2,9,5,7,14,9,3,5,5,3,5,5,5,5,5,7,5,2,1,2,3,2,3,27,26,13,66,1,1,1,1,2,1,3,2,12,46,4,4,3,3,6,6,6,7,4,3,1,2,2,2,1,2,1,2,2,2,1,1,2,1,1,1,2,2,2,2,2,3,34,2,3,45458
44,BIKqZSJi6hXAi18zYPCtvmHdWqt1,1,1,1,3,3,2,2,3,4,4,3,1,2,2,3,3,4,2,41,14,12,13,9,13,4,4,3,3,3,4,4,4,3,2,4,2,3,3,2,10,10,9,7,12,48,2,2,2,3,2,3,3,2,1,3,23,2,4,5,1,5,4,6,5,4,4,5,5,11,10,11,8,5,3,4,5,5,4,6,6,6,6,3,4,4,4,2,2,2,27,26,18,71,2,3,1,3,3,1,2,2,17,61,7,7,6,6,7,6,5,4,7,6,1,1,1,1,2,1,2,1,1,2,1,1,2,1,1,2,1,1,1,2,1,1,27,2,3,46355
45,Bjhft06U6wecMukkfHgioh7shpo1,1,1,1,3,3,3,3,2,2,2,3,4,3,3,3,2,3,3,42,9,12,18,13,10,4,1,3,3,3,3,1,3,3,4,3,1,3,2,2,9,3,8,9,10,39,2,3,3,2,3,4,2,2,3,2,26,4,5,4,4,4,4,4,4,4,4,4,8,8,8,13,8,4,5,5,5,4,5,5,6,5,6,6,3,4,3,3,2,2,28,28,17,73,2,3,0,1,0,0,0,2,8,62,5,4,7,5,10,8,5,8,6,4,1,1,1,1,2,2,1,1,2,1,1,1,1,1,1,1,2,2,2,2,2,2,29,2,3,45171
46,CALXpKPMtkMObol4yfOdXxBlTYU2,1,1,1,3,2,2,3,2,2,3,3,3,3,2,2,2,2,2,36,4,6,11,10,6,3,1,3,2,2,2,2,4,2,2,2,2,3,2,2,10,5,6,6,7,34,3,4,4,3,2,3,2,3,3,4,31,2,5,2,5,2,5,6,3,5,5,6,10,12,5,9,10,2,2,2,2,2,2,5,5,5,5,5,4,2,2,1,1,1,25,12,11,48,0,1,0,1,1,1,1,1,6,37,2,2,4,2,7,4,2,8,3,3,1,1,1,1,2,1,2,1,1,1,1,1,1,1,1,1,1,1,1,2,1,0,24,2,3,45433
47,CBFvvH5XztUINr6bhIWFEYZFEmn2,1,1,1,3,3,3,3,3,3,3,3,3,3,4,4,4,4,4,50,11,11,11,8,16,3,4,3,4,4,4,4,2,4,3,4,4,2,3,3,7,12,11,10,11,51,3,1,4,3,2,3,3,3,2,3,27,3,4,4,2,3,5,5,3,3,4,6,5,11,6,11,9,5,5,4,4,5,4,5,5,5,5,5,3,4,4,3,4,5,25,27,23,75,1,0,0,2,1,0,1,1,6,57,7,4,7,4,5,6,4,4,8,8,1,1,1,1,1,1,1,1,1,1,1,1,1,1,1,1,1,1,1,1,1,0,21,2,3,45516
48,CIwhpGuwh3Pcd3iinwRExYNvSdr1,1,1,1,3,3,3,3,3,2,3,3,2,2,3,2,2,4,2,40,9,12,7,13,7,3,2,3,3,2,4,3,4,2,3,3,3,3,2,2,10,8,7,7,10,42,2,4,3,1,2,3,2,3,3,3,26,3,4,3,5,3,5,5,4,5,5,5,10,10,7,10,10,5,5,4,6,5,4,6,5,3,3,3,2,2,2,3,3,4,20,29,16,65,2,2,2,2,2,2,1,2,15,48,5,4,8,4,4,3,8,5,3,4,1,2,1,1,1,2,2,1,2,1,1,1,1,1,1,1,1,1,1,2,1,2,26,2,3,45444
49,CRpp0xZrd7XyvVh80PHU2pkQN523,1,1,1,3,4,3,4,3,4,4,3,4,4,4,3,3,4,3,53,8,8,10,14,11,4,2,4,3,3,5,2,4,3,3,3,2,3,2,3,11,6,8,9,12,46,3,2,4,2,3,4,2,3,2,4,29,3,3,4,4,3,5,5,4,4,4,4,8,9,7,10,9,5,4,4,5,5,6,6,5,6,5,5,3,4,3,4,3,3,27,29,20,76,3,1,0,1,1,0,1,2,9,51,3,5,4,4,4,6,5,9,6,5,1,1,2,1,1,1,2,1,1,1,1,1,1,1,1,1,1,1,2,2,1,1,25,2,3,45905
50,CVpRmTRTbAWIkmpRsm2mkSu82533,1,1,1,3,4,4,4,4,3,3,3,3,4,4,3,4,4,4,54,16,15,16,15,16,3,2,3,2,4,4,2,2,3,3,4,4,2,3,3,7,8,8,10,11,44,2,2,3,1,1,2,1,1,3,3,19,5,5,5,4,4,4,5,6,5,3,5,9,10,10,15,7,6,6,6,5,6,5,6,5,5,5,5,4,4,4,3,3,2,26,34,20,80,2,3,1,1,2,2,2,2,15,78,8,8,7,8,8,8,7,8,8,8,1,1,1,1,2,2,1,1,1,1,1,1,1,1,1,1,1,1,1,2,1,1,24,2,3,45303
51,D9I5UBQ6pNQClJKxo0FelxEFVZx1,1,1,1,4,4,4,4,4,4,4,3,4,4,3,4,4,3,3,56,11,13,11,11,20,3,2,4,3,4,3,2,3,3,4,3,2,3,3,4,10,6,9,12,9,46,0,2,3,0,2,1,2,2,0,1,13,3,3,3,3,3,3,5,4,4,3,4,7,9,7,9,6,5,4,5,5,5,4,7,7,7,7,7,4,4,4,3,3,3,35,28,21,84,2,2,2,0,2,0,2,2,12,66,5,6,5,8,6,5,4,7,10,10,1,1,1,1,1,1,1,1,1,1,1,1,1,2,1,1,2,1,2,2,2,1,26,2,3,45525
52,DejRM9QIc5g9mpXCoSyiBNM2zu22,1,1,1,5,4,4,4,3,4,4,3,4,4,3,3,3,4,3,55,13,12,13,7,13,4,4,4,4,3,4,2,1,2,3,3,2,1,2,3,6,8,8,9,11,42,4,4,3,0,2,3,2,1,3,3,25,3,4,5,6,5,6,5,5,4,3,7,10,12,10,12,9,7,7,7,6,5,5,5,5,4,5,6,4,3,4,4,3,4,25,37,22,84,0,2,0,1,1,1,2,1,8,58,6,7,5,7,7,6,4,3,8,5,1,1,2,1,2,2,1,1,1,1,1,1,1,1,1,1,1,1,1,1,1,1,24,2,3,45539
53,DjDkSrIdzITEkJtKi09hNKMhxGC2,1,1,1,5,5,3,3,5,4,4,3,4,4,3,3,2,2,2,52,16,16,15,14,19,4,2,3,4,2,3,2,3,4,2,3,3,3,3,2,9,7,11,6,10,43,2,2,1,1,0,1,1,1,0,2,11,6,6,6,3,5,4,6,5,3,4,6,6,12,10,18,8,6,6,6,6,6,6,7,7,6,7,7,4,4,4,2,2,1,34,36,17,87,3,3,2,2,1,2,3,3,19,80,8,8,7,9,8,7,9,5,10,9,1,1,1,1,2,1,2,1,1,1,1,1,1,1,1,1,1,1,1,1,1,0,23,2,3,46345
54,Do2MD52AsXTJwiRuWGcTmf78QuU2,1,1,1,3,3,2,3,3,3,4,3,3,3,4,4,3,3,3,47,14,14,13,13,15,2,3,4,3,3,3,4,4,3,3,2,3,4,3,3,12,10,9,9,7,47,1,2,2,1,1,1,1,1,1,1,12,5,6,5,3,4,4,4,4,3,3,4,6,8,8,16,7,5,6,5,6,5,5,6,6,6,6,6,3,3,4,4,4,4,30,32,22,84,2,3,1,2,2,1,2,3,16,69,7,7,7,7,6,7,7,6,8,7,2,1,1,1,1,1,1,1,1,1,1,1,1,1,1,1,2,1,2,2,1,3,25,2,3,45191
55,EQCwuUI1MectSs497TJTbwqS0cI2,1,1,1,3,3,3,3,3,3,3,3,3,3,3,3,3,3,3,45,10,10,15,10,10,3,3,3,3,3,3,3,3,3,3,3,3,3,3,3,9,9,9,9,9,45,2,2,2,2,2,2,2,2,2,2,20,4,4,4,4,4,4,4,4,4,4,4,8,8,8,12,8,4,4,4,4,4,4,4,4,4,4,4,3,3,3,3,3,3,20,24,18,62,2,2,2,2,2,2,2,2,16,55,5,5,5,5,5,10,5,5,5,5,2,2,2,2,2,2,2,2,2,2,2,2,2,2,2,2,2,2,2,2,2,3,42,2,3,45523
56,ERsjJm38EuO9qllmWqFpZJIhOQy2,1,1,1,4,3,3,3,3,4,4,3,3,3,3,3,3,3,3,48,13,15,12,12,12,3,5,3,2,3,3,5,3,2,3,3,5,3,2,3,9,15,6,9,9,48,2,3,2,1,2,2,2,2,2,2,20,5,5,5,4,5,5,4,5,4,5,6,8,10,10,15,10,7,6,6,7,7,6,5,6,6,6,6,4,4,4,4,3,3,29,39,22,90,3,3,1,3,3,1,3,3,20,64,7,6,8,7,6,6,6,6,6,6,2,2,2,1,2,2,1,2,2,2,1,1,2,1,2,1,1,1,1,2,1,1,32,2,3,45167
57,FBgx0W93dLdDjTRF706goJ5rYu72,1,1,1,3,3,2,3,2,2,2,2,3,3,1,1,1,1,1,30,5,3,9,17,15,4,1,4,2,1,2,1,3,2,1,3,2,3,2,1,10,4,6,3,9,32,3,3,4,3,2,3,2,3,3,4,30,5,3,4,3,2,7,6,2,4,7,6,7,12,4,12,14,3,3,2,3,3,3,5,5,5,5,5,2,2,2,2,2,2,25,17,12,54,2,2,1,1,2,2,1,1,12,49,4,1,0,3,5,4,10,7,7,8,2,1,1,1,2,1,1,1,1,2,1,1,1,1,1,1,1,1,1,2,1,0,25,2,3,45362
58,FNpXNcW3H2YlJhv5awReJ65qrId2,1,1,1,2,2,2,2,2,2,2,3,2,2,2,4,4,3,3,37,19,16,18,17,19,2,2,3,5,2,4,3,3,5,3,2,3,2,5,2,8,8,15,7,8,46,0,1,1,0,0,1,0,1,0,0,4,6,7,7,1,6,3,1,7,1,1,3,2,4,13,20,4,5,5,5,4,4,4,5,5,5,5,5,5,5,5,3,3,3,25,27,24,76,2,3,1,3,1,1,3,2,16,89,10,9,7,9,10,8,9,8,10,9,1,1,2,2,2,1,1,1,2,1,1,2,2,1,1,1,1,1,1,2,2,0,29,2,3,45495
59,FYcrcL4BOBQGqMrEWstBfoOFMfH2,1,1,1,3,2,3,5,3,4,4,5,5,5,3,3,2,4,3,54,17,12,15,18,17,3,3,4,5,3,4,3,3,5,3,4,5,4,5,2,11,11,15,8,11,56,2,2,2,2,2,2,1,1,1,2,17,5,5,5,3,4,5,6,3,5,1,6,8,12,7,15,6,5,5,6,5,6,5,7,7,7,7,7,5,5,5,5,5,3,35,32,28,95,1,0,1,0,4,0,1,2,9,79,10,7,6,6,8,7,9,9,8,9,2,1,1,1,1,1,1,2,1,1,1,1,1,1,2,1,2,2,1,2,1,3,27,2,3,45065
60,FZtjuH45ZePXYKeBSCX4RjRHZCu2,1,1,1,3,3,4,4,3,4,4,2,3,3,3,3,3,3,3,48,14,14,10,14,11,3,2,3,3,4,2,1,3,4,3,4,2,3,3,3,9,5,10,10,9,43,2,2,1,1,1,1,1,1,1,2,13,5,5,5,3,5,3,1,5,4,3,4,7,5,10,15,6,6,5,6,6,5,5,6,5,5,5,5,4,4,4,4,3,3,26,33,22,81,2,1,1,1,1,1,1,2,10,63,7,7,7,7,7,3,8,6,5,6,2,2,1,2,2,2,2,2,2,1,1,1,2,1,2,1,2,2,2,2,2,0,36,2,3,46607
61,Fcff4UatndOVUAGJL4l3s1VQ7uE3,1,1,1,2,2,2,2,1,4,4,3,3,3,4,3,4,3,5,45,2,3,0,1,12,2,2,3,2,3,4,2,2,2,3,3,4,3,3,4,8,8,7,10,9,42,1,3,3,3,4,4,2,4,2,4,30,1,1,1,3,2,3,4,1,4,7,4,7,8,3,3,10,2,2,5,2,2,2,6,5,5,6,5,1,1,1,1,2,2,27,15,8,50,0,1,0,1,3,1,1,1,8,18,0,2,3,0,0,0,1,0,7,5,1,1,1,1,2,1,2,1,2,1,2,1,2,1,1,1,1,1,1,1,1,1,26,2,3,45595
62,Fg9V0XFVp0ZMIDHJEGLQh431tbu1,1,1,1,2,3,3,4,4,3,2,4,2,2,4,2,2,4,3,44,10,8,7,8,13,3,1,2,2,3,2,1,2,3,3,4,2,3,2,2,7,4,7,8,9,35,2,3,4,4,3,4,2,3,3,3,31,2,6,3,5,2,6,5,3,5,5,6,10,11,5,11,11,3,3,2,5,5,5,4,3,4,3,5,3,4,3,4,2,2,19,23,18,60,0,2,0,0,1,0,0,0,3,46,4,6,5,3,4,3,4,4,6,7,1,1,1,1,1,1,1,1,1,1,1,1,1,1,1,1,1,1,1,1,1,0,21,2,3,45543
63,Fn1y9nJFuyMwUlnj1YxJP7xCP6n2,1,1,1,4,3,3,4,3,4,4,2,1,2,1,5,5,5,5,51,18,18,16,20,18,4,3,4,3,5,4,3,3,5,5,3,3,4,4,5,11,9,12,15,11,58,1,2,4,1,2,1,1,2,3,2,19,6,5,7,1,5,3,4,6,3,3,2,4,6,11,18,6,6,6,7,7,6,6,6,6,6,6,6,3,4,4,3,2,2,30,38,18,86,3,3,0,1,1,0,2,3,13,90,10,8,9,9,8,8,10,10,9,9,1,1,2,1,1,2,2,1,1,1,1,1,2,1,1,1,2,2,2,2,1,2,29,2,3,45241
64,GIcNDvf6Txg8OVVVZTNmV2NaIxu1,1,1,1,4,4,4,5,4,3,3,2,2,2,4,3,3,5,4,52,8,7,9,9,6,5,3,3,2,3,4,3,4,2,4,4,3,3,2,2,10,9,6,9,13,47,4,3,3,2,2,3,0,3,1,2,23,2,3,3,2,2,5,6,3,2,5,6,4,12,5,8,10,4,5,5,4,5,5,6,6,6,6,5,3,3,2,2,2,3,29,28,15,72,3,3,1,3,3,2,2,3,20,39,5,3,2,5,4,5,3,6,3,3,1,1,1,1,1,1,1,1,1,1,2,2,2,1,2,1,1,1,1,1,1,2,25,2,3,45585
65,GNbAICzEo6UrLxs91BUMAANSVv53,1,1,1,2,2,2,2,2,3,3,3,3,3,2,2,2,2,2,35,5,4,8,8,8,3,2,2,2,3,2,2,2,3,3,3,2,2,3,2,6,6,8,8,8,36,3,3,3,2,3,3,3,4,2,3,29,2,2,2,5,3,5,5,3,6,6,6,11,11,6,6,11,4,5,5,5,4,5,6,6,5,7,6,2,2,2,2,2,2,30,28,12,70,1,1,0,1,1,1,1,1,7,33,3,2,2,2,4,4,4,4,4,4,1,1,1,1,1,1,1,1,1,1,1,1,1,1,1,1,1,1,1,1,1,2,21,2,3,45099
66,GbWftVedRNc47CHGPT2A3Q5tuaJ2,1,1,1,3,4,4,4,3,2,3,4,3,4,3,4,3,4,4,52,16,15,17,16,16,5,3,2,4,4,5,3,2,4,3,4,3,2,4,3,6,9,12,10,14,51,1,2,1,1,1,1,1,1,1,1,11,6,6,6,2,5,2,2,6,3,1,3,5,5,11,18,3,6,6,6,6,6,6,7,6,6,6,6,4,5,4,3,3,3,31,36,22,89,2,2,1,3,2,1,3,2,16,80,8,8,7,8,8,9,9,7,8,8,1,1,1,2,1,2,1,1,1,1,1,2,1,1,1,1,1,1,2,2,1,0,26,2,3,45520
67,H2nwg2cinAQaPY05OdYuWcTFXFG2,1,1,1,3,2,2,3,2,3,3,3,2,2,4,3,2,3,3,40,5,6,8,6,6,4,3,1,2,3,3,3,1,2,3,4,3,1,3,3,3,9,7,9,11,39,3,3,3,3,2,3,3,1,3,4,28,2,3,3,7,3,7,7,4,7,6,7,14,14,7,8,13,4,3,4,3,3,3,4,5,3,4,4,3,2,2,2,2,5,20,20,16,56,1,1,1,1,1,1,1,1,8,31,2,3,5,1,4,4,3,3,3,3,1,1,1,1,1,1,1,1,1,1,2,1,2,1,1,1,1,1,1,1,1,1,23,2,3,45540
68,HY599MYDfJhNGLmsPP5PUZUyMnY2,1,1,1,3,3,3,3,3,4,4,4,4,4,3,2,3,3,3,49,6,10,6,8,14,3,3,2,2,2,4,2,2,2,2,3,3,2,2,3,6,8,6,7,10,37,3,3,3,3,2,4,2,3,3,4,30,2,6,2,5,3,5,5,4,5,5,6,10,11,7,10,10,5,5,5,4,4,4,5,5,5,5,5,3,3,3,2,2,2,25,27,15,67,3,3,1,2,1,1,1,3,15,44,3,3,7,3,3,3,4,4,7,7,1,1,1,1,1,1,2,1,1,1,1,1,1,1,1,1,1,1,1,1,1,1,22,2,3,45373
69,HZxpBDYuDSWsAxiv1N49EFZNud93,1,1,1,3,2,4,4,2,2,3,3,4,2,4,2,2,4,2,43,5,2,4,10,12,2,2,2,2,2,3,1,3,1,2,4,1,2,1,1,7,4,4,5,9,29,2,3,4,3,2,4,3,4,3,3,31,1,1,1,5,3,6,6,3,6,6,6,11,12,6,3,12,5,5,2,2,2,2,2,3,2,3,2,3,4,4,2,4,4,12,18,21,51,0,2,0,0,4,0,2,0,8,33,3,2,1,1,2,2,5,5,6,6,1,1,1,1,1,1,2,1,1,1,1,1,1,1,1,1,2,1,2,2,1,2,25,2,3,45175
70,HjrMufRyDxSzwLJBusKvX2iWvQx2,1,1,1,3,2,3,3,3,2,4,3,3,2,3,4,4,4,4,47,15,14,16,14,16,4,3,4,4,3,3,3,2,4,3,3,3,4,3,3,10,9,11,9,10,49,1,2,2,2,2,2,1,2,2,2,18,5,6,6,3,5,4,4,6,3,3,5,6,9,11,17,7,4,4,4,5,5,4,6,4,5,5,4,3,4,4,3,2,2,24,26,18,68,1,1,1,2,2,1,2,2,12,75,8,7,7,7,8,8,6,8,8,8,1,1,1,1,1,1,1,1,1,1,1,1,1,1,1,1,1,1,1,2,1,1,22,2,3,45550
71,Hka4ro6bcNfFnz7HULEMXhb82mJ2,1,1,1,2,2,2,4,2,3,4,2,4,2,4,2,3,3,3,42,13,13,10,11,13,3,3,2,3,3,5,3,2,4,4,3,4,3,4,3,7,10,11,10,11,49,1,2,3,2,1,3,2,2,1,2,19,6,5,5,4,4,3,5,4,4,4,4,8,9,8,16,7,5,4,4,5,4,4,6,5,5,5,4,4,4,4,3,4,3,25,26,22,73,1,1,0,3,2,0,3,1,11,60,7,6,6,7,6,4,5,6,6,7,1,1,2,1,1,2,1,2,2,2,1,2,2,2,1,1,2,1,2,2,1,1,32,2,3,45451
72,Ib668s85hVRQpyEkiWwgPb3YvCi1,1,1,1,3,2,2,3,3,4,4,4,4,3,4,2,3,2,2,45,17,16,16,14,17,3,3,2,4,2,3,2,4,4,2,3,3,3,4,2,9,8,12,6,9,44,2,4,2,1,2,1,2,1,2,1,18,6,7,7,4,5,4,3,5,4,1,3,8,6,10,20,5,6,5,5,6,5,5,6,6,6,6,6,4,4,4,2,2,3,30,32,19,81,2,3,1,2,3,1,2,3,17,80,9,8,8,8,8,8,9,5,8,9,2,1,1,1,1,1,1,1,1,2,1,2,2,1,1,1,1,1,2,2,1,2,27,2,3,45050
73,J2nFKdPAVpWKaqkfc3msNHAw2iF2,1,1,1,4,5,2,1,4,4,2,3,4,2,4,4,4,4,3,50,10,12,10,13,19,3,4,3,4,4,1,4,4,4,4,4,5,4,4,4,11,13,12,12,8,56,2,2,4,1,2,3,3,2,4,3,26,2,3,5,6,4,2,7,5,7,1,7,13,14,9,10,3,5,6,6,6,6,5,6,6,3,4,6,4,4,5,2,2,2,25,34,19,78,3,2,1,2,1,1,3,3,16,64,5,5,9,3,7,3,6,7,10,9,1,1,2,1,2,2,2,2,1,2,1,1,1,1,1,1,1,1,2,2,2,3,30,2,3,46523
74,JJPAmpGvWIf6s832ALpXmz9HJE02,1,1,1,5,5,5,5,5,5,5,5,5,5,5,5,5,5,5,75,10,10,10,10,11,5,5,5,4,5,5,5,3,4,5,5,5,3,3,5,11,15,11,15,15,67,4,2,4,2,2,2,2,2,2,3,25,4,7,5,7,3,7,7,4,5,6,7,12,14,7,16,13,7,7,7,7,7,7,7,5,7,7,7,5,5,5,3,2,1,33,42,21,96,0,1,0,1,3,1,0,1,7,51,5,5,5,5,5,5,5,5,5,6,1,1,1,1,1,1,1,1,1,1,1,1,1,1,1,1,1,1,1,2,1,2,22,2,3,45093
75,JLTLCNGtEEP3riFbFEDFJdN6OTp2,1,1,1,4,4,4,4,4,3,3,3,2,2,3,2,2,3,2,45,16,16,15,16,20,4,4,4,4,3,4,3,4,4,2,4,4,4,4,2,12,11,12,7,12,54,2,2,4,1,2,3,2,2,1,2,21,4,5,5,2,4,3,5,5,2,1,6,4,11,9,14,4,7,7,5,7,7,7,7,7,7,7,7,3,5,5,4,3,2,35,40,22,97,1,1,1,1,1,1,1,2,9,83,8,8,9,7,8,7,8,8,10,10,1,1,1,1,2,1,1,1,1,1,1,1,1,1,1,1,1,2,1,2,2,0,25,2,3,45198
76,JSDRnJKiRDO9TgjrdCfkV2b8tk33,1,1,1,2,3,2,2,3,2,2,3,2,3,4,3,2,2,2,37,5,10,9,9,9,4,1,3,3,2,3,1,2,3,2,4,1,2,3,2,7,3,9,6,11,36,4,4,4,2,2,3,4,4,4,4,35,4,4,5,7,3,6,7,3,7,7,7,14,14,6,13,13,5,5,4,5,5,5,5,6,5,6,5,2,4,3,2,3,3,27,29,17,73,0,4,0,1,0,0,0,0,5,42,4,1,8,2,4,5,6,3,5,4,1,1,1,1,1,1,1,1,1,1,1,1,1,1,1,1,1,2,2,2,1,0,24,2,3,45332
77,LIOc5MdBwWMToPcxKXKZROeC8Db2,1,1,1,3,2,2,2,2,2,2,2,2,2,2,2,2,3,2,32,7,4,6,8,4,2,3,3,2,3,4,3,4,1,2,2,3,4,1,2,11,9,4,7,8,39,3,3,4,2,3,4,2,4,3,3,31,2,3,2,2,2,6,7,4,4,5,6,6,13,6,7,11,4,4,3,4,2,3,4,5,4,5,4,3,3,3,2,1,2,22,20,14,56,2,3,0,2,2,1,1,2,13,29,3,4,4,0,3,3,5,3,2,2,1,1,1,1,2,1,2,1,1,1,2,2,2,1,2,1,1,2,1,2,1,1,29,2,3,45064
78,Le6maVqyivew0J3gq6vriaKBL3n1,1,1,1,4,4,4,4,4,4,4,4,4,4,3,3,3,3,3,55,7,4,5,6,6,1,1,3,1,3,2,2,3,1,3,4,2,2,2,4,8,5,4,10,7,34,3,3,4,3,3,3,3,3,3,4,32,6,4,5,5,5,6,6,5,6,6,7,11,13,10,15,12,6,5,6,6,6,6,6,6,6,6,6,4,4,4,4,4,4,30,35,24,89,1,2,1,1,1,0,1,1,8,28,4,3,3,1,3,2,2,4,3,3,2,1,1,1,1,1,1,1,1,1,1,1,1,1,1,1,1,1,1,1,1,3,22,2,3,45508
79,MDulvgY8JoOVRzIQAreP6I8dqTH3,1,1,1,3,2,2,3,3,3,3,3,5,4,3,2,2,3,3,44,13,14,10,11,16,4,3,2,5,2,3,3,4,4,2,4,3,4,4,3,10,9,13,7,11,50,2,1,2,2,2,1,2,1,1,1,15,4,5,5,3,4,4,5,4,5,2,5,8,10,8,14,6,5,5,4,5,4,5,5,5,5,5,5,3,4,4,3,3,4,25,28,21,74,0,3,1,1,3,1,2,1,12,64,7,6,8,6,5,5,5,6,8,8,1,2,2,1,1,2,2,2,1,1,1,1,1,1,1,1,1,2,2,2,1,2,29,2,3,45146
80,MWoTDCZhnSUYSRBoVbwsDD1KvbI3,1,1,1,4,4,4,4,4,4,5,4,4,4,4,4,3,4,4,60,11,9,11,14,11,3,3,4,2,4,4,3,2,2,4,3,3,3,2,4,9,9,6,12,10,46,3,3,2,2,3,3,1,3,3,3,26,4,3,4,5,4,5,5,4,6,5,5,11,10,8,11,10,5,5,5,5,5,5,6,6,5,7,6,4,5,5,3,4,4,30,30,25,85,1,3,2,1,3,2,2,1,15,56,5,6,6,3,6,5,6,8,6,5,1,2,2,1,2,1,1,1,1,2,1,1,1,1,2,1,2,2,2,2,1,2,30,2,3,45088
81,MYvAZMtDxBXHrFK2wuWCJmyLENu2,1,1,1,2,1,1,1,2,4,4,3,4,4,3,3,2,3,3,40,6,11,11,14,9,1,4,3,3,4,2,4,3,4,2,3,4,4,3,2,10,12,10,8,6,46,2,2,2,2,2,3,2,2,3,3,23,2,3,2,4,3,5,4,4,5,5,3,9,7,7,7,10,5,5,5,5,6,6,6,5,6,6,5,3,3,3,4,4,2,28,32,19,79,3,3,1,3,3,1,1,3,18,51,3,3,9,2,5,6,6,8,5,4,2,1,1,1,1,1,2,1,1,1,2,1,2,1,1,1,1,1,1,2,1,0,26,2,3,45573
82,N0IPW6WH5jVQmWFQHUCaYr9QIgW2,1,1,1,1,1,1,1,2,3,3,2,3,3,3,3,2,2,2,32,8,9,5,10,11,1,2,4,4,3,2,1,4,4,4,1,1,4,3,2,12,4,11,9,4,40,1,4,4,2,4,4,3,3,2,4,31,3,3,4,2,4,6,6,4,2,5,6,4,12,8,10,11,5,5,4,5,4,5,5,5,5,5,5,4,4,4,5,2,2,25,28,21,74,2,3,1,2,2,2,2,2,16,43,4,4,5,4,4,1,5,5,6,5,1,1,1,1,1,2,1,1,2,1,1,1,1,1,1,1,2,2,1,2,2,2,27,2,3,45089
83,NiEoSHUAeoWheLHXgELVcgSKCwb2,1,1,1,5,5,5,5,5,5,5,5,5,5,5,5,5,5,5,75,18,20,20,15,20,5,5,4,5,5,5,5,3,5,5,5,5,4,5,5,11,15,15,15,15,71,1,2,1,0,0,0,0,0,0,0,4,5,6,6,1,7,3,2,7,3,1,2,4,4,14,17,4,7,7,7,7,7,7,7,7,7,7,7,5,5,5,3,3,3,35,42,24,101,0,0,0,0,0,0,3,0,3,93,10,8,10,10,10,10,10,5,10,10,2,2,2,2,1,2,2,2,2,2,1,1,1,2,2,1,2,2,2,2,2,3,37,2,3,45058
84,OJZKk8LFJjRExHUQ9fEKnLonPPj2,1,1,1,3,4,2,2,2,3,4,4,4,3,3,2,3,4,4,47,7,7,4,10,7,5,4,2,3,2,1,4,2,4,2,5,4,2,4,2,6,12,11,6,11,46,1,3,3,3,3,3,3,3,1,3,26,2,3,2,1,4,3,5,4,6,5,5,7,10,8,7,8,4,3,4,2,5,4,6,5,5,6,6,3,2,2,2,2,2,28,22,13,63,2,2,1,3,1,1,3,3,16,35,3,4,3,4,2,2,5,5,2,5,1,1,1,1,1,1,1,1,2,1,1,1,1,1,1,1,2,2,2,2,1,0,26,2,3,46356
85,ONdzHDXhWFdUHjIDu5RfM3rcVDw1,1,1,1,4,4,4,4,4,4,4,4,4,4,3,3,4,4,4,58,13,13,14,13,14,4,4,4,2,3,4,4,4,3,4,4,4,3,3,4,11,12,8,11,12,54,3,2,2,1,1,1,2,1,2,1,16,5,5,5,4,5,4,4,5,4,4,4,8,8,10,15,8,5,5,5,5,5,5,5,6,6,5,6,4,4,4,3,3,3,28,30,21,79,0,1,0,0,0,0,0,0,1,67,6,7,6,7,7,7,6,7,7,7,1,1,2,1,1,1,1,1,1,2,1,1,1,1,2,1,1,1,2,2,1,0,26,2,3,45153
86,PcaFeMDkFBXYoHJ9DCi4vV93egC2,1,1,1,3,3,4,4,2,2,2,2,3,2,3,2,3,3,3,41,1,1,3,5,6,4,2,2,3,3,2,2,2,3,4,4,2,1,3,3,5,6,9,10,10,40,3,4,4,4,4,4,3,3,3,4,36,1,1,1,3,3,6,6,2,5,6,7,8,13,5,3,12,4,5,5,5,5,5,6,6,6,6,6,1,1,1,1,1,1,30,29,6,65,0,0,1,1,1,1,1,1,6,16,0,1,0,1,2,1,1,4,3,3,1,1,1,1,1,1,2,1,1,1,1,1,1,1,1,1,1,1,1,1,1,1,22,2,3,45529
87,PibdTbXLiBcAVEn60ZxxTAhYQlJ2,1,1,1,2,1,2,3,2,3,3,3,2,3,3,3,2,2,2,36,4,2,7,14,10,3,3,4,3,3,5,3,3,3,2,2,2,2,3,3,9,8,9,8,10,44,3,3,3,3,3,3,3,4,3,4,32,2,2,2,5,3,6,6,4,5,4,6,10,12,7,6,10,5,5,5,5,5,5,6,6,6,6,5,2,2,2,1,1,2,29,30,10,69,1,1,1,0,2,1,1,1,8,37,3,1,0,2,4,3,9,5,5,5,1,1,1,1,1,1,1,1,1,1,1,1,1,1,1,1,1,1,1,2,1,0,22,2,3,45406
88,Q6Hx3pLckaefP3q77WLf3JYzNSn1,1,1,1,3,4,3,3,2,2,2,2,2,2,3,2,3,3,2,38,10,11,7,13,16,3,2,2,1,3,3,4,3,3,2,3,2,3,2,3,8,8,6,8,9,39,1,2,2,2,2,2,2,1,2,2,18,3,5,5,4,4,5,4,4,5,4,5,9,9,8,13,9,5,3,6,6,6,6,5,5,5,5,3,4,5,4,2,2,2,23,32,19,74,2,2,1,3,1,0,1,2,12,57,4,6,5,6,3,4,6,7,8,8,2,2,1,1,1,1,1,1,1,1,1,1,2,1,1,1,1,1,1,1,1,1,24,2,3,45359
89,RFuz7ogbqFcwGejHroHrCztOBM83,1,1,1,4,3,3,3,3,4,4,4,4,4,4,4,4,4,4,56,13,11,9,11,10,4,2,3,2,4,3,3,4,3,4,3,3,3,3,4,10,8,8,12,10,48,1,1,1,2,2,1,3,2,1,0,14,4,4,6,2,4,1,4,4,4,2,4,6,8,8,14,3,3,3,2,5,2,3,6,5,6,6,6,4,4,4,3,3,3,29,18,21,68,1,1,1,1,1,1,1,1,8,54,6,7,5,6,5,4,5,6,6,4,1,2,2,1,2,2,1,2,2,2,2,1,2,1,2,1,1,1,2,2,1,0,33,2,3,45487
90,RlgEPmhvodWNVmG5QjFXL0YpT1g2,1,1,1,1,1,1,3,3,2,3,3,3,2,3,2,1,2,2,32,11,9,5,10,17,3,2,2,3,2,3,2,3,3,2,4,3,4,2,1,9,7,8,5,10,39,2,1,2,1,2,2,0,2,1,2,15,3,3,2,2,4,4,6,5,2,1,6,4,12,9,8,5,5,4,5,6,5,5,6,6,5,6,5,3,4,4,4,4,4,28,30,23,81,1,2,1,2,1,0,1,1,9,52,6,5,5,4,3,2,3,7,9,8,1,1,2,1,1,1,1,1,1,1,1,2,2,1,1,1,1,2,1,2,1,1,26,2,3,45568
91,S7KO42N1jBU2z7zBtyf2VZdz5i42,1,1,0,4,3,2,3,3,3,4,3,3,2,4,3,3,3,4,47,14,16,15,15,14,4,3,4,4,3,3,2,3,3,4,3,3,3,2,3,10,8,9,10,10,47,3,3,3,1,2,3,2,2,3,3,25,4,6,6,1,4,4,5,4,3,1,5,4,10,8,16,5,5,5,6,4,5,4,6,6,6,5,6,4,4,4,3,2,2,29,29,19,77,1,2,1,2,1,1,1,2,11,74,7,7,9,7,7,8,7,8,7,7,1,1,2,1,1,1,1,1,1,1,1,2,1,1,1,2,1,1,1,2,1,0,25,2,2,45436
92,SwEpdbohdkdp0v8nI1BZVBQEuOJ3,1,1,1,2,5,2,2,3,3,2,3,2,2,3,3,2,3,3,40,6,6,6,8,4,3,2,2,3,3,2,2,2,2,3,3,2,2,2,2,6,6,7,8,8,35,2,3,3,3,2,3,3,3,2,3,27,2,3,3,4,3,5,6,4,5,4,6,9,12,7,8,9,5,6,4,5,5,6,6,6,6,6,6,2,2,2,4,4,3,30,31,17,78,2,1,0,2,1,0,2,2,10,30,3,3,3,3,4,2,5,3,2,2,1,1,2,1,1,1,2,1,1,2,2,1,2,1,1,1,1,1,2,2,1,1,28,2,3,45172
93,T4CXeQ0RnuXMlYt8W3gP0kUfssJ2,1,1,1,5,4,4,3,4,2,2,3,3,3,3,3,3,3,4,49,3,4,6,6,4,5,4,3,3,4,5,3,2,3,3,3,3,3,3,3,8,10,9,10,13,50,4,4,4,3,3,1,2,3,3,4,31,3,2,3,5,3,7,7,3,5,7,7,10,14,6,8,14,5,5,5,5,5,5,7,7,7,7,7,3,4,4,4,4,3,35,30,22,87,0,0,0,1,2,1,0,1,5,23,2,1,4,0,3,3,2,4,3,1,1,1,1,1,1,1,1,1,1,1,1,1,1,1,1,1,1,1,1,2,1,4,22,2,3,45063
94,TjE8VKYbaORumo1uhU2pXOMIIiC3,1,1,1,3,4,3,3,4,3,4,3,4,2,4,4,4,4,4,53,8,12,13,13,12,3,3,1,2,2,2,2,1,3,3,4,3,2,3,3,4,8,8,8,9,37,2,2,4,1,2,4,3,3,2,4,27,3,3,3,5,4,5,6,4,5,3,6,10,12,8,9,8,5,5,7,6,6,5,6,6,6,6,6,3,3,3,2,2,2,30,34,15,79,1,3,1,4,1,0,3,2,15,58,6,2,8,4,8,5,6,7,6,6,1,1,1,1,1,1,1,1,1,1,1,1,1,1,1,1,1,1,2,2,2,1,24,2,3,45628
95,UPz3ZFOKOaU7MrCH9XmnDCQjMpb2,1,1,1,4,3,3,3,4,4,4,3,2,3,3,2,3,3,3,47,8,9,11,11,15,5,4,4,4,3,4,3,2,4,2,3,3,3,3,3,9,10,11,8,12,50,1,1,4,3,2,4,2,2,1,3,23,5,3,4,3,4,2,6,4,4,4,6,7,12,8,12,6,5,5,6,5,4,5,7,6,6,6,6,2,3,2,3,3,3,31,30,16,77,1,2,0,1,1,1,1,1,8,54,5,3,5,4,7,4,4,7,8,7,1,1,2,1,1,2,1,2,1,1,1,1,2,1,1,1,1,1,1,2,1,3,26,2,3,45181
96,WV1na0BeGphaADNbjV5XCKP6qi23,1,1,1,3,4,3,3,3,4,4,2,5,3,2,3,2,3,3,47,9,12,6,10,0,4,3,2,2,3,2,3,3,2,3,2,4,2,2,2,7,10,6,8,8,39,3,4,3,2,3,3,2,2,3,3,28,1,5,3,5,3,5,4,4,5,5,6,10,10,7,9,10,5,6,5,5,3,4,7,6,6,6,6,4,4,4,5,3,3,31,28,23,82,2,3,1,3,2,1,2,4,18,37,5,4,9,3,4,2,4,6,0,0,2,1,1,1,1,1,1,1,1,1,1,1,2,2,2,1,1,2,2,2,2,0,29,2,3,45542
97,WW02kN5m4wcwCKERp3st91yWwG33,1,1,1,4,3,4,4,4,4,4,4,3,4,3,3,4,3,4,55,17,16,15,14,13,5,4,1,3,4,4,3,2,2,3,5,4,2,3,3,5,11,8,10,14,48,3,2,3,0,1,2,1,2,3,3,20,6,5,6,2,6,4,6,6,4,3,4,6,10,12,17,7,4,5,5,6,5,5,6,5,6,5,5,4,4,5,3,4,4,27,30,24,81,1,4,1,1,2,1,3,3,16,75,8,9,9,7,7,8,8,6,7,6,1,1,1,1,1,2,2,2,2,1,1,1,1,1,1,1,2,2,2,2,2,3,30,2,3,45575
98,WWOPywjuWhPVyikFczh5DmDK9PJ2,1,1,1,3,2,2,4,2,4,5,5,4,4,3,2,2,2,2,46,16,15,10,15,17,3,4,3,4,3,5,3,3,4,3,3,3,3,4,3,9,10,12,9,11,51,2,3,2,1,0,1,1,2,1,0,13,5,5,5,3,4,3,4,5,3,3,4,6,8,9,15,6,5,2,3,2,3,3,7,7,6,7,6,3,3,3,2,2,2,33,18,15,66,3,3,1,3,3,1,3,3,20,73,9,7,7,8,8,2,9,6,9,8,2,1,1,1,2,2,1,1,1,1,1,1,1,1,1,1,1,1,1,1,1,2,24,2,3,45493
99,WWgiUllRo4hGsbMGF4MnLgVtSL42,1,1,1,4,4,3,4,4,3,4,5,5,4,2,3,3,3,4,55,18,17,17,13,17,4,5,3,3,4,4,4,5,3,3,4,4,4,3,4,12,13,9,11,12,57,2,3,2,1,4,4,3,2,3,4,28,4,5,6,3,5,4,3,5,2,4,4,5,7,10,15,8,6,6,7,6,7,6,7,7,7,7,6,4,4,4,3,5,3,34,38,23,95,0,1,0,3,1,0,1,1,7,82,9,9,8,9,8,9,10,3,9,8,1,1,1,1,1,1,1,1,1,1,1,1,1,1,1,1,1,2,1,2,2,2,24,2,3,45531
100,Ws7h7PT08eXgpNUCpw2WDF5nTG73,1,1,1,3,3,3,3,4,4,4,3,4,3,3,3,3,3,3,49,13,4,9,7,9,3,4,2,4,3,3,4,3,4,3,3,4,3,4,3,8,12,12,9,9,50,4,3,4,2,2,3,2,4,2,4,30,3,3,2,4,4,5,5,4,4,5,5,8,10,8,8,10,5,2,5,6,5,5,2,4,3,6,4,4,4,4,2,1,1,19,28,16,63,3,3,1,0,2,1,1,2,13,42,5,8,2,2,7,2,4,3,5,4,1,1,1,1,1,1,1,1,1,1,1,1,1,1,1,1,1,1,1,1,1,1,21,2,3,45108
101,WzsighiQoQSaisdEl2LRjpaFVWs2,1,1,1,3,4,3,3,3,3,4,4,3,4,3,3,3,4,4,51,14,2,5,11,7,5,3,3,3,4,3,3,2,3,3,4,3,3,2,3,8,9,8,10,12,47,3,3,4,2,2,4,2,2,4,4,30,5,5,5,6,6,6,7,5,5,7,6,11,13,11,15,13,5,5,6,5,5,5,4,4,4,4,4,4,4,4,3,3,4,20,31,22,73,2,3,1,2,2,1,1,2,14,39,8,6,0,2,5,0,6,5,4,3,1,1,1,1,1,1,2,1,1,1,1,1,1,1,1,1,1,1,2,2,1,3,24,2,3,45538
102,XtkMGGjvWzSxhTZzo9FTguICs8G3,1,1,1,3,3,2,2,2,2,2,3,4,3,4,3,1,3,2,39,4,4,6,7,11,4,4,4,2,3,3,4,4,1,3,3,3,3,2,2,11,11,5,8,10,45,2,3,4,2,3,4,4,2,4,4,32,2,2,2,6,2,7,7,2,7,7,7,13,14,4,6,14,3,6,4,4,5,5,5,5,4,5,6,4,4,3,2,3,3,25,27,19,71,2,3,1,3,2,0,2,2,15,32,2,2,2,2,5,1,1,6,7,4,1,1,2,1,1,1,1,1,1,1,1,1,2,1,2,1,1,1,1,2,1,3,25,2,3,45045
103,ZNnQc6IORjgGtcAVNpldTZyOSM43,1,1,1,4,3,3,3,3,4,3,4,3,3,3,3,2,3,3,47,12,11,11,15,10,3,1,2,2,3,1,1,2,2,3,4,1,2,2,2,6,3,6,8,8,31,2,1,4,2,1,3,2,2,2,4,23,4,5,5,4,4,5,5,4,3,4,6,7,11,8,14,9,4,4,5,5,5,5,6,6,6,6,6,3,4,3,3,3,3,30,28,19,77,2,3,1,3,1,3,2,2,17,59,7,5,5,6,7,4,8,7,6,4,1,1,1,1,1,2,1,1,1,1,1,1,1,1,1,1,1,1,1,2,1,2,23,2,3,46357
104,aXGu92h8izQDZ8fKXu8xAnJzINt1,1,1,1,2,2,3,3,3,2,4,4,4,3,3,4,3,4,4,48,15,19,14,15,19,5,4,4,3,3,3,4,4,5,3,4,4,4,4,3,12,12,12,9,12,57,1,3,1,0,1,0,1,0,0,0,7,4,5,5,2,6,4,3,6,1,1,2,3,5,12,14,5,6,6,7,6,6,6,6,6,7,5,6,4,5,5,4,4,2,30,37,24,91,3,3,2,2,2,1,2,2,17,82,7,8,10,9,8,6,7,8,10,9,1,1,1,1,1,2,1,1,2,1,1,2,1,1,1,2,1,2,2,2,2,1,29,2,3,46365
105,awT65iFat8QvcsArpO4nNAOMnAp2,1,1,1,3,4,3,3,3,3,3,3,3,3,3,3,3,3,3,46,9,9,8,10,9,4,3,3,4,3,3,3,2,3,3,4,3,3,3,2,8,9,10,8,11,46,3,3,3,2,2,2,2,3,3,2,25,4,4,4,4,4,5,5,5,4,3,5,8,10,9,12,8,4,4,4,3,5,4,4,5,5,5,4,3,4,3,3,2,2,23,24,17,64,2,2,2,2,2,2,2,2,16,45,4,5,5,4,5,3,4,6,4,5,1,1,1,1,1,1,1,1,1,1,1,1,1,1,1,1,1,1,1,1,1,2,21,2,3,45127
106,cCr8EbXIqVdZJSSGRBDg7XYSU6t1,1,1,1,4,5,5,5,3,2,2,4,3,3,5,5,3,5,5,59,12,9,15,20,14,5,4,1,4,5,5,4,1,5,5,5,4,1,3,5,3,12,12,15,15,57,4,4,4,0,4,3,2,2,4,4,31,1,4,1,7,4,3,7,4,5,4,7,12,14,8,6,7,6,3,5,4,3,5,7,7,7,7,7,4,4,4,3,4,4,35,26,23,84,1,1,0,2,1,0,2,0,7,70,6,6,0,9,6,9,10,10,8,6,1,1,1,1,1,1,1,1,1,1,1,1,1,1,1,1,1,1,2,2,1,1,23,2,3,45630
107,cOnhDT4IQLgoR5oUw9B8erUwVF72,1,1,1,3,2,4,4,3,2,3,2,3,3,3,3,2,3,3,43,13,15,9,8,9,4,3,2,4,3,3,3,4,3,2,3,3,2,3,2,8,9,10,7,10,44,1,2,3,2,1,2,2,2,1,1,17,3,4,5,3,4,5,5,4,4,4,5,7,10,8,12,9,4,5,3,5,5,5,4,5,5,4,4,4,4,3,5,4,3,22,27,23,72,2,3,1,3,1,2,2,3,17,54,7,6,8,7,4,5,3,5,6,3,1,1,2,1,2,2,2,1,1,1,1,1,1,1,1,1,1,1,1,2,1,2,26,2,3,45174
108,dbowjUEH8vMeXzJpMRRCtrvkN3w1,1,1,1,4,4,4,3,3,3,4,4,4,3,3,3,2,3,3,50,8,9,9,8,9,2,2,4,2,3,5,3,3,3,2,3,3,2,3,3,9,8,8,8,10,43,2,3,3,3,3,2,3,2,3,2,26,4,3,3,4,3,5,7,3,6,5,4,10,11,6,10,10,5,5,4,5,4,4,5,3,5,5,4,2,2,3,3,4,4,22,27,18,67,3,3,2,0,4,0,4,0,16,43,4,4,4,5,3,6,4,4,6,3,2,2,2,1,2,2,2,1,2,2,1,1,1,1,2,1,2,2,2,2,2,0,35,2,3,45200
109,dcxeOY0mlnPdLVa9Vl5RC0wv8Lt1,1,1,1,3,2,2,2,2,2,2,3,2,2,2,2,2,2,2,32,10,7,11,13,9,3,3,3,4,2,3,3,4,4,1,3,3,3,3,2,10,9,11,5,9,44,3,3,3,2,2,2,3,3,3,4,28,2,2,4,5,4,4,5,4,5,3,5,10,10,8,8,7,4,5,5,5,5,4,6,6,6,6,6,4,4,4,2,2,2,30,28,18,76,3,1,3,1,3,0,4,0,15,50,5,5,4,3,6,5,6,7,4,5,1,2,1,2,2,1,1,2,2,1,1,1,2,1,1,1,1,1,2,2,1,1,29,2,3,45188
110,ddmXgnMJtCWG8cEVciczo38XBmx2,1,1,1,5,3,5,5,5,5,5,5,5,5,5,3,3,2,1,62,8,14,18,13,14,3,5,3,4,4,2,5,4,5,1,5,5,1,5,2,8,15,14,7,10,54,2,3,4,2,3,4,2,4,1,3,28,1,2,2,1,4,5,5,4,6,3,6,7,11,8,5,8,5,3,6,7,7,7,6,7,7,7,6,3,4,5,3,3,3,33,35,21,89,3,3,3,3,2,2,3,2,21,67,5,3,6,8,8,10,7,6,9,5,1,2,2,2,2,2,2,1,2,2,2,2,2,1,2,1,2,2,2,2,2,3,38,2,3,45047
111,duoNTvGTwTckBQBDXG7IsZeb7UI2,1,1,1,2,2,3,3,2,2,3,3,3,3,3,3,2,2,3,39,8,4,6,9,10,3,3,3,3,3,3,2,3,3,2,3,3,3,3,3,9,8,9,8,9,43,2,2,2,2,2,2,2,2,2,2,20,1,1,3,4,5,4,5,4,5,3,5,9,10,9,5,7,5,5,6,6,6,6,7,7,7,6,6,2,3,3,3,4,4,33,34,19,86,3,3,1,2,3,2,2,2,18,37,2,6,0,4,4,2,4,5,5,5,1,1,1,2,2,2,1,1,1,1,1,1,1,1,1,1,1,1,1,1,2,2,25,2,3,45297
112,eE1iZ8raFPbMVcfKBYzYVmTLoBN2,1,1,1,4,3,2,2,3,3,3,3,3,3,2,3,3,4,3,44,9,9,6,7,8,2,3,2,4,3,4,3,2,3,3,3,2,1,4,2,5,8,11,8,9,41,2,2,4,2,2,3,2,3,0,2,22,2,2,4,1,4,4,6,5,4,4,5,5,11,9,8,8,5,6,5,5,4,4,7,5,5,6,4,3,4,4,3,3,3,27,29,20,76,2,2,1,3,2,0,1,3,14,39,4,5,4,5,3,3,3,4,4,4,1,1,1,1,1,1,1,1,1,1,1,1,1,1,1,2,1,1,2,2,2,0,25,2,3,46362
113,eLtEEVEt4KU6LyNNRISNmMmnIVH3,1,1,1,1,1,2,2,1,3,3,3,3,3,1,1,2,2,2,30,7,3,4,9,9,1,1,1,3,1,1,2,2,4,1,3,1,2,1,3,5,4,8,5,5,27,3,2,3,2,2,3,2,4,2,3,26,2,2,4,2,4,3,7,3,4,4,5,6,12,7,8,7,5,5,4,5,5,5,5,4,5,4,5,3,3,3,2,2,4,23,29,17,69,1,0,1,0,1,1,1,0,5,32,5,2,1,2,4,0,5,4,5,4,1,1,1,2,1,1,1,1,1,1,1,1,1,1,1,2,1,1,1,2,1,3,24,2,3,45259
114,ePg51sJoaVhx6sCEgSLRJE0U77x1,1,1,0,3,3,3,3,3,2,4,4,4,4,3,4,4,3,3,50,13,13,10,13,15,2,3,3,4,4,2,3,4,4,3,4,3,4,2,4,11,9,10,11,8,49,1,2,3,2,2,2,1,2,2,1,18,3,5,5,2,4,3,5,5,4,3,5,6,10,9,13,6,6,6,5,6,6,6,6,6,6,6,6,3,3,3,3,4,4,30,35,20,85,1,2,1,2,2,1,2,2,13,64,7,6,7,6,5,5,7,6,7,8,1,1,1,1,1,1,1,1,1,1,1,1,1,1,1,1,2,2,1,2,1,0,24,2,2,45199
115,f3cX0vPPT0O9rclnCRmP4jyPR6H3,1,1,1,3,3,3,3,3,3,4,3,4,3,3,3,2,3,2,45,9,9,10,11,10,3,2,3,4,3,3,2,2,4,3,3,3,2,4,3,7,7,12,9,9,44,3,3,4,2,2,2,2,2,3,2,25,5,4,4,4,3,5,6,4,5,4,6,9,12,7,13,9,6,6,5,6,5,6,5,5,5,5,5,3,3,3,3,3,2,25,34,17,76,1,2,2,2,2,2,2,1,14,49,5,4,5,4,5,5,6,5,5,5,1,1,1,1,1,1,1,1,1,1,1,1,1,1,1,1,2,2,2,2,1,3,25,2,3,45128
116,fbOs2qQgZLMuUWkOQbqFs5x9v6C3,1,1,1,4,5,3,3,3,5,5,5,5,5,3,5,4,5,5,65,11,10,13,20,12,4,5,1,4,4,3,4,1,5,4,2,4,2,4,3,4,13,13,11,9,50,2,2,3,0,1,1,1,2,4,2,18,4,4,1,6,7,4,6,3,7,4,2,13,8,10,9,8,7,7,7,7,7,7,5,5,5,5,5,5,5,5,5,5,5,25,42,30,97,4,1,0,3,2,0,2,2,14,66,4,7,5,5,3,10,10,10,6,6,2,2,2,1,2,2,1,2,2,2,1,1,1,2,1,1,2,2,2,2,2,4,35,2,3,45149
117,g8ghQEYl97a0F5r45PZLRseAP9w2,1,1,1,3,3,3,4,3,3,2,2,3,3,3,3,3,3,3,44,8,12,6,13,9,4,3,2,4,4,3,3,3,3,4,4,3,3,3,4,8,9,10,12,11,50,4,4,4,2,3,3,2,2,2,3,29,3,4,3,4,4,4,6,4,5,4,6,9,12,8,10,8,6,6,5,6,6,6,5,6,5,7,6,4,4,4,2,4,2,29,35,20,84,1,0,0,0,2,0,0,0,3,48,5,3,8,4,5,1,6,7,6,3,1,1,1,1,2,1,1,1,1,1,1,1,1,1,1,1,1,1,1,2,1,2,23,2,3,45302
118,gGFqUIvAzkQTOHUZmra7MIRAYl92,1,1,1,3,3,1,4,2,4,3,2,3,2,3,1,1,1,1,34,9,7,7,9,4,4,3,2,2,2,3,3,3,2,1,3,1,3,2,1,8,7,6,4,10,35,3,1,4,3,4,2,2,1,2,2,24,2,3,2,4,3,5,7,3,5,5,7,9,14,6,7,10,6,3,5,6,2,5,5,6,5,6,5,4,4,4,3,4,4,27,27,23,77,3,3,0,1,1,0,2,1,11,36,6,3,7,0,5,2,2,7,1,3,2,1,1,1,1,1,1,1,1,1,1,1,2,1,2,1,1,1,1,1,1,1,24,2,3,45258
119,gOjC6NA6ATfs8nc2a514VsJrHOy2,1,1,1,3,4,4,4,3,3,3,3,4,4,4,3,2,4,4,52,10,5,6,15,10,5,3,3,1,3,5,2,3,1,3,5,3,4,2,2,10,8,4,8,15,45,4,4,4,3,3,4,3,4,4,4,37,1,2,1,3,3,3,5,3,7,3,5,10,10,6,4,6,5,5,5,6,6,6,5,5,4,5,6,3,3,3,2,3,3,25,33,17,75,2,2,1,2,1,1,2,2,13,46,5,5,2,3,4,2,7,8,6,4,1,1,2,1,1,1,1,1,1,1,1,1,1,1,1,1,1,1,1,1,1,1,22,2,3,45294
120,gwWnF7jWjLX3I5iI7T6M4asOano1,1,1,1,4,4,2,2,3,2,2,2,2,2,2,2,2,2,2,35,5,5,7,8,10,3,2,2,2,3,3,3,3,2,2,3,3,3,1,2,8,8,5,7,9,37,4,4,4,3,3,4,4,3,4,4,37,2,1,2,6,2,7,7,3,6,7,7,12,14,5,5,14,5,3,3,5,3,5,7,7,7,7,7,4,4,4,1,2,2,35,24,17,76,1,1,0,0,1,1,0,1,5,35,2,3,1,4,3,4,3,5,5,5,1,1,1,1,1,1,1,1,1,1,1,1,1,1,1,1,1,1,1,1,1,1,21,2,3,45168
121,hD057HeD0ZathEXzmZt7xYxCVgF3,1,1,1,3,3,3,3,4,3,3,2,3,3,3,3,2,4,2,44,14,10,9,13,15,4,3,3,2,3,4,3,4,2,2,4,2,3,2,2,10,8,6,7,12,43,2,2,2,2,2,3,2,1,2,2,20,4,3,3,4,4,3,5,4,6,4,5,10,10,8,10,7,6,5,4,5,5,5,6,6,6,6,5,3,4,4,4,4,4,29,30,23,82,0,2,0,1,1,0,1,1,6,61,7,7,3,7,4,5,5,8,8,7,1,1,1,1,1,1,1,1,1,1,1,1,1,1,1,1,1,2,2,2,1,1,24,2,3,45158
122,hVqEoyfVvoYcykUFwPzh0rhSzEX2,1,1,1,3,3,4,3,4,4,4,3,3,3,4,2,3,3,2,48,4,4,4,2,9,3,2,1,1,2,3,2,2,1,2,3,2,2,2,2,5,6,4,6,9,30,4,3,4,3,3,2,3,2,4,4,32,2,2,2,7,2,6,7,2,7,6,7,14,14,4,6,12,3,3,3,3,3,3,6,7,5,6,3,2,2,2,3,2,4,27,18,15,60,1,2,0,4,0,2,1,1,11,23,2,2,4,0,3,1,2,0,5,4,1,1,1,1,1,1,1,1,1,1,1,1,1,1,1,1,2,1,2,2,2,3,25,2,3,45162
123,hgsMLZ36tnfz4pJOrEgNvyqcFQB3,1,1,1,3,4,2,3,4,4,4,5,2,4,3,2,2,3,3,48,16,12,19,13,17,4,5,4,5,4,5,5,2,5,2,3,5,2,4,2,8,15,14,8,12,57,1,2,3,2,1,4,2,3,3,3,24,6,5,6,2,6,4,6,6,4,4,7,6,13,12,17,8,6,5,6,6,5,5,6,7,6,7,5,5,4,5,3,2,2,31,33,21,85,2,4,1,3,2,2,1,1,16,77,8,8,4,8,9,10,7,6,8,9,1,1,1,1,1,1,1,2,2,1,1,1,1,1,1,1,2,2,2,2,1,0,27,2,3,46368
124,iAZfQrGGBagiAWkKsIQdDj93zMg1,1,1,1,4,4,3,4,3,4,5,2,4,3,2,4,5,3,3,53,9,9,8,16,10,4,2,3,3,4,5,2,3,3,4,4,2,3,2,4,9,6,8,12,13,48,2,3,4,2,2,3,2,2,3,4,27,2,3,4,4,3,5,6,4,4,5,7,8,13,7,9,10,7,7,6,6,5,6,7,5,7,6,6,5,4,4,3,3,3,31,37,22,90,1,2,0,3,3,0,3,3,15,52,5,4,5,4,5,3,6,10,6,4,1,1,2,1,1,2,1,1,1,1,1,1,1,1,1,1,1,2,2,2,1,1,26,2,3,45506
125,iAiKEj5dW9MZUktyHLCUU3VW3wp2,1,1,1,3,2,2,2,2,3,3,2,3,2,2,2,2,2,2,34,9,12,13,12,9,2,3,4,4,3,3,3,4,3,2,2,3,4,3,2,12,9,10,7,7,45,2,2,3,3,2,2,2,3,2,3,24,3,5,5,3,3,4,5,4,3,4,4,6,9,7,13,8,2,3,5,5,5,5,6,5,5,5,5,2,2,2,4,4,3,26,25,17,68,1,2,1,1,2,0,1,1,9,55,5,4,6,6,7,6,6,6,5,4,1,2,1,1,2,1,1,1,2,1,1,1,1,2,2,1,2,1,2,2,1,2,29,2,3,45161
126,iT8ShdefWiU0UbysRKYqCB5hc1N2,1,1,1,4,5,4,4,3,4,4,5,4,4,4,4,3,4,4,60,12,13,13,14,9,3,4,3,3,5,4,4,2,3,3,5,4,2,3,3,7,12,9,11,12,51,3,2,4,2,1,2,3,2,3,4,26,6,3,6,5,5,4,7,6,5,5,6,10,13,11,15,9,6,6,7,6,6,6,7,7,7,7,7,4,4,4,3,3,3,35,37,21,93,3,3,2,3,2,1,2,2,18,61,6,6,8,5,6,7,7,7,4,5,1,2,2,1,1,2,1,2,1,2,2,1,2,1,2,1,1,1,2,2,1,1,31,2,3,45082
127,irWfPjWR7rU8WvJJbYg2E6pzCaH3,1,1,1,2,2,3,3,2,3,3,3,3,3,4,4,4,4,4,47,10,8,8,7,10,1,3,2,4,2,3,3,2,3,4,4,3,2,4,3,6,9,11,9,8,43,3,2,3,2,3,3,2,2,3,4,27,3,2,2,5,4,5,5,4,5,4,5,10,10,8,7,9,5,5,3,5,4,4,5,4,4,3,4,2,2,2,2,2,3,20,26,13,59,1,1,1,1,1,1,1,1,8,43,4,6,3,5,5,3,3,4,5,5,1,1,1,1,1,1,2,1,1,1,1,1,1,1,1,1,2,2,1,2,1,0,25,2,3,45560
128,jx0aBAFUYaMnWoSRJx2sSkeKcX82,1,1,1,4,4,4,3,4,2,3,3,3,3,2,2,2,2,2,43,2,3,0,10,0,4,2,4,2,3,4,2,3,1,2,3,2,3,1,2,10,6,4,7,11,38,4,4,4,3,4,4,4,1,4,2,34,1,2,2,6,3,6,7,2,6,5,7,12,14,5,5,11,4,5,1,4,2,3,7,6,2,6,6,1,2,1,2,2,4,27,19,12,58,1,1,0,3,0,0,3,1,9,15,1,1,2,1,0,0,2,8,0,0,1,1,1,1,1,2,1,1,1,1,1,1,1,1,1,1,1,1,1,1,1,0,22,2,3,45502
129,k4hpgBIsbrTTzACjmeNIkBrO1oO2,1,1,1,4,4,4,4,3,3,2,2,2,2,3,3,3,3,3,45,7,4,5,13,16,5,2,3,2,3,4,2,4,3,4,5,2,4,1,3,11,6,6,10,14,47,2,3,3,2,2,2,2,1,2,1,20,2,2,3,6,4,5,5,4,6,4,5,12,10,8,7,9,6,6,6,6,6,6,7,7,7,7,7,3,3,3,5,4,4,35,36,22,93,0,0,0,0,0,0,0,1,1,45,2,5,0,4,0,5,8,5,8,8,1,1,1,1,1,2,1,1,1,1,1,1,1,1,1,1,1,1,1,1,1,0,22,2,3,45326
130,k4qyYOHBV7difMmuxwCrl7opid83,1,1,1,2,2,2,2,2,3,3,3,3,2,3,2,2,2,2,35,12,10,9,9,10,2,3,2,2,3,2,3,3,2,2,4,3,3,3,2,8,9,7,7,8,39,3,2,3,2,2,3,2,2,2,2,23,4,3,3,4,4,4,5,5,4,5,4,8,9,9,10,9,6,6,2,4,5,3,5,5,3,6,5,2,2,2,3,3,3,24,26,15,65,1,1,1,1,3,1,1,1,10,50,6,6,6,4,5,4,4,5,5,5,1,1,1,1,1,1,1,1,1,1,1,1,1,1,1,1,1,1,1,2,1,0,22,2,3,45299
131,klRtWVEvuiXG73yOkOngydo1SjB2,1,1,1,1,1,1,1,1,2,3,2,3,3,5,1,1,4,1,30,0,8,2,0,0,3,2,2,2,2,2,1,2,2,2,2,1,2,1,1,6,4,5,5,7,27,4,4,4,4,4,4,3,2,4,4,37,1,1,1,6,2,7,7,2,7,7,7,13,14,4,3,14,3,3,5,5,2,5,5,5,5,5,5,2,2,2,1,1,1,25,23,9,57,3,3,1,2,1,1,2,3,16,10,0,0,8,0,2,0,0,0,0,0,1,1,1,1,1,1,1,1,1,1,1,1,1,1,1,1,1,1,1,1,1,2,21,2,3,46367
132,knsvA97r58SFxw5eZhf7o0lvvUo1,1,1,1,3,2,2,2,1,4,4,4,4,3,4,2,2,2,2,41,6,6,3,5,11,3,3,2,2,4,3,3,3,2,3,1,3,2,2,2,7,9,6,9,7,38,2,3,3,1,3,3,1,3,3,3,25,3,4,3,1,2,6,5,3,4,5,5,5,10,5,10,11,3,2,3,3,2,3,4,2,3,3,3,2,3,2,4,4,2,15,16,17,48,1,0,1,3,1,1,1,1,9,31,2,4,3,3,2,1,3,2,6,5,1,1,1,1,2,1,1,1,1,1,1,1,1,1,1,1,1,2,2,2,1,0,25,2,3,45515
133,l2O08JnFyJWfKUtBicCYLKylHLi1,1,1,1,1,4,3,4,2,3,3,3,4,3,2,1,1,3,3,40,11,15,13,18,12,3,1,4,3,4,5,1,3,4,3,2,1,4,3,3,11,3,10,10,10,44,1,3,3,2,3,3,2,1,3,3,24,3,4,5,4,5,5,6,4,5,4,5,9,11,9,12,9,5,4,6,6,5,5,5,5,6,7,5,4,4,4,4,4,2,28,31,22,81,2,1,1,1,1,1,1,1,9,69,6,5,9,6,8,5,9,9,7,5,1,1,2,1,1,1,1,1,1,2,1,1,1,1,1,1,1,1,2,2,1,0,25,2,3,45592
134,lzByBUlDGXUYhaw7XSLahknfw1D2,1,1,1,3,2,2,2,2,3,2,2,2,2,4,3,3,3,3,38,8,9,8,18,6,3,5,3,2,3,5,4,2,2,3,3,5,2,2,3,7,14,6,9,11,47,3,3,4,2,2,2,2,3,2,4,27,2,3,3,4,3,5,7,3,5,6,7,9,14,6,8,11,5,5,5,5,6,5,6,6,7,6,6,5,5,5,2,2,2,31,31,21,83,2,2,1,3,1,1,1,2,13,49,5,3,6,3,4,4,9,9,3,3,1,1,1,1,2,1,1,1,1,2,1,1,1,1,1,1,1,2,1,2,1,4,25,2,3,45073
135,mQNuGMbc9barAPwMKbSD3Z4UWtF3,1,1,1,1,1,1,2,2,2,3,2,3,2,2,1,2,2,1,27,11,5,9,9,12,3,3,4,2,1,3,3,3,4,2,2,3,3,4,2,10,9,10,5,8,42,3,3,4,2,3,4,3,3,2,4,31,5,4,5,2,4,6,7,4,5,5,7,7,14,8,14,11,5,4,5,5,5,4,5,5,5,5,3,2,2,2,3,3,3,23,28,15,66,0,1,0,0,1,0,0,0,2,46,6,5,3,2,7,2,5,4,6,6,1,2,1,1,1,1,2,1,2,1,1,1,1,1,1,1,2,2,1,2,1,0,27,2,3,45514
136,mrakc3BZOhYzvTNBSEHRGgttVj32,1,1,1,2,2,3,2,2,3,3,3,4,3,3,4,3,3,3,43,7,8,4,13,15,3,2,2,2,3,3,2,2,3,3,2,2,2,3,3,6,6,8,9,8,37,3,3,4,1,2,2,2,3,1,2,23,3,6,2,3,6,5,6,3,6,5,6,9,12,9,11,10,3,5,5,4,5,5,6,6,5,5,6,3,3,3,4,3,3,28,27,19,74,2,3,0,3,1,0,2,3,14,47,4,3,5,3,3,1,8,5,8,7,1,1,1,1,2,2,1,1,1,1,1,1,1,1,1,2,1,1,1,1,2,3,25,2,3,45180
137,n4RLPnZcy5Rt3Zy0JnuHd9ePTjZ2,1,1,1,3,4,2,4,2,2,3,2,2,2,4,2,1,4,3,40,3,0,3,6,5,4,1,1,1,5,4,2,2,1,2,4,1,2,1,1,5,4,3,8,12,32,4,4,4,3,3,3,2,3,3,3,32,2,4,2,4,1,7,7,2,7,7,7,11,14,3,8,14,2,2,3,3,2,5,6,6,5,6,6,2,2,2,1,3,3,29,17,13,59,2,3,0,3,1,0,3,2,14,17,2,1,0,0,3,0,3,3,1,4,1,1,1,1,1,1,1,1,1,1,1,1,1,1,1,1,1,1,1,1,1,1,21,2,3,45534
138,n8aaGUX0PvMnodxvCznx8kU74GE2,1,1,1,2,3,1,1,1,2,3,3,4,3,4,3,2,3,4,39,13,5,5,7,13,4,2,2,2,4,4,1,2,3,4,3,2,3,2,4,7,5,7,12,11,42,2,3,4,3,2,4,3,3,2,3,29,2,2,2,4,2,5,5,3,4,6,5,8,10,5,6,11,4,3,4,4,4,4,6,5,5,5,5,3,3,3,3,3,3,26,23,18,67,0,0,0,0,0,0,0,0,0,43,7,6,2,3,4,1,4,3,7,6,1,1,1,1,1,1,1,1,1,1,1,1,1,1,1,1,1,1,1,1,1,1,21,2,3,45219
139,nRL3LcXGWQMa9JvbAYV27sXbMG73,1,1,1,4,4,3,4,3,3,4,3,4,4,3,3,4,3,3,52,10,6,11,11,12,3,3,2,3,2,3,2,3,3,3,4,2,2,3,3,7,7,9,8,10,41,3,1,3,3,2,3,2,2,3,2,24,3,2,4,6,2,6,7,3,5,6,6,11,13,5,9,12,5,4,5,5,4,5,5,4,5,4,4,4,3,3,4,4,4,22,28,22,72,2,2,1,1,2,1,1,2,12,50,5,5,4,2,5,6,4,7,5,7,1,1,1,1,2,1,2,1,1,1,2,1,1,1,2,1,1,1,1,2,1,2,26,2,3,45352
140,nuGIWGYCjATCeCxJtGvBqahqJWl2,1,1,1,4,4,5,4,3,2,2,3,2,1,3,3,2,2,2,42,9,8,8,14,18,4,2,3,4,3,2,4,3,3,3,3,2,3,3,3,9,8,10,9,9,45,3,3,3,3,2,3,2,1,3,2,25,5,5,5,4,3,5,6,5,3,6,5,7,11,8,15,11,6,6,5,5,5,5,5,5,5,5,5,4,4,4,3,2,3,25,32,20,77,0,0,0,0,0,0,0,0,0,57,6,3,0,8,8,0,7,7,9,9,1,1,1,1,1,1,1,1,1,1,1,1,1,1,1,1,1,1,1,2,1,0,22,2,3,45548
141,o9HCCNuZTXWUAuKhtVsNhzH0Fla2,1,1,1,2,3,2,2,2,3,3,4,4,4,3,2,1,2,2,39,8,9,6,8,6,4,3,4,2,3,3,3,2,2,2,4,2,3,2,2,9,8,6,7,11,41,3,3,3,2,3,2,2,3,3,3,27,2,4,3,5,4,5,5,4,5,6,5,10,10,8,9,11,3,3,3,3,5,3,7,5,6,7,5,3,2,2,4,4,4,30,20,19,69,3,3,1,3,2,1,2,3,18,37,4,4,5,4,3,3,5,3,3,3,1,2,1,1,2,1,2,1,1,1,1,1,2,2,1,1,1,1,2,2,1,0,28,2,3,46377
142,oX35W5ZwxRUKcmGPY6aVDEIymC62,1,0,1,3,3,4,4,4,3,3,3,3,3,3,3,2,3,3,47,11,14,10,15,14,3,4,2,2,3,4,3,3,3,3,4,4,2,2,3,7,11,7,9,11,45,3,3,2,1,2,2,2,2,3,2,22,4,4,4,4,4,4,4,4,4,4,4,8,8,8,12,8,6,5,5,5,6,6,5,5,5,5,5,4,4,4,4,4,4,25,33,24,82,1,3,1,1,1,1,1,1,10,64,5,6,7,7,5,5,8,7,7,7,1,1,1,1,1,1,1,1,1,1,1,1,1,1,1,1,1,1,1,1,1,2,21,2,2,45322
143,orAY2FYHiyeUGYBFFClqxpWpjLi1,1,1,1,4,4,3,4,3,4,4,4,4,3,2,3,3,3,2,50,17,15,15,11,15,4,4,3,4,3,2,4,5,4,3,4,4,4,3,2,12,12,11,8,10,53,1,1,2,1,1,0,0,0,0,0,6,7,7,7,1,6,3,3,7,1,1,3,2,6,13,21,4,6,7,7,6,6,6,6,7,6,7,6,3,4,4,4,3,3,32,38,21,91,2,2,2,1,2,1,1,2,13,73,8,9,7,8,8,7,8,3,8,7,2,2,1,2,1,2,2,2,1,1,1,1,1,1,2,1,2,2,2,2,1,1,32,2,3,45133
144,p0aZYdsO5sb4bfrGLJFs94KHqps2,1,1,1,4,5,3,3,3,1,3,3,3,3,3,2,2,3,2,43,4,3,3,7,10,5,1,1,1,2,5,1,3,1,2,5,1,3,2,2,7,3,4,6,15,35,2,4,4,2,2,2,3,2,2,3,26,3,4,2,5,2,6,6,2,6,7,6,11,12,4,9,13,3,4,2,4,2,4,5,6,5,5,5,3,3,3,4,4,4,26,19,21,66,2,3,1,1,2,0,1,2,12,27,3,1,3,0,3,0,3,4,5,5,1,1,1,1,1,1,1,1,1,1,1,1,1,1,1,1,1,1,1,2,1,0,22,2,3,45207
145,qPd2EVcmByZJcEKOzvyyQcCRXJ53,1,1,1,4,4,4,4,4,3,4,4,4,4,5,5,4,5,5,63,15,15,12,15,13,5,5,3,3,4,5,4,4,4,4,5,2,4,3,4,11,11,10,12,15,59,0,1,2,0,1,0,1,0,2,0,7,5,6,5,1,6,1,5,6,4,1,4,5,9,12,16,2,5,5,7,5,6,5,7,7,6,6,6,5,5,4,2,2,2,32,33,20,85,3,3,1,1,3,0,1,2,14,70,8,7,8,7,6,6,7,8,7,6,1,2,2,2,1,2,1,2,1,2,1,1,1,1,1,1,2,2,2,2,1,4,31,2,3,45086
146,rJtAPJWB72UW96eMYdDOljdBGRu1,1,1,1,4,4,4,4,4,4,4,4,4,4,4,4,4,4,4,60,14,14,14,14,14,4,4,3,3,4,4,4,3,3,3,4,4,3,3,3,9,12,9,10,12,52,3,3,3,1,2,2,1,2,2,3,22,5,5,5,4,4,4,4,4,4,4,4,8,8,8,15,8,4,4,5,5,4,4,7,7,7,7,7,4,4,4,4,4,3,35,26,23,84,2,2,2,2,2,2,2,2,16,70,7,7,7,7,7,7,7,7,7,7,2,2,2,1,1,2,1,2,1,1,1,1,1,1,1,1,1,1,2,2,2,2,29,2,3,45096
147,rY9BfEaXwKYsip0bgHap2tN7tI72,1,1,1,5,5,2,2,3,3,3,2,3,2,3,2,2,3,2,42,6,6,5,11,11,3,3,2,5,2,3,3,1,5,2,3,3,2,5,2,5,9,15,6,9,44,2,3,3,2,2,2,3,1,3,3,24,2,6,2,3,3,6,4,4,4,6,5,7,9,7,10,12,4,5,6,5,5,5,6,6,6,5,6,4,4,4,2,2,1,29,30,17,76,2,3,2,3,1,1,2,3,17,39,4,2,3,3,2,3,4,7,7,4,1,1,1,1,1,1,1,1,1,1,1,1,1,2,2,1,1,1,2,2,2,0,26,2,3,45366
148,rZMdsbBgAiXUk23WvvSALC4mjnm1,1,1,1,4,4,3,2,1,2,2,3,4,3,4,2,1,3,3,41,16,11,13,13,18,5,2,3,2,3,4,2,5,4,4,4,2,4,3,2,12,6,9,9,13,49,3,2,4,3,2,3,3,2,1,1,24,5,6,6,1,5,3,5,5,4,3,4,5,9,10,17,6,7,7,4,5,3,4,6,4,4,4,3,4,4,4,2,3,3,21,30,20,71,1,0,1,1,3,0,0,1,7,71,8,8,4,7,8,5,5,8,10,8,1,1,1,1,1,1,1,1,1,1,1,1,1,1,1,1,1,1,1,2,1,1,22,2,3,46379
149,rdMxPefTgrdqyibcoclgMjzHvOg1,1,1,1,3,1,1,3,3,1,1,1,1,1,4,4,4,4,3,35,16,10,13,14,4,4,5,3,4,4,4,5,2,4,3,4,5,2,3,3,7,15,11,10,12,55,0,1,2,1,1,1,2,2,1,0,11,6,6,5,2,4,2,4,6,3,1,4,5,8,10,17,3,6,6,7,5,6,5,7,7,7,7,7,5,5,5,2,2,2,35,35,21,91,0,0,0,0,0,0,0,0,0,57,8,8,3,7,6,7,7,7,2,2,2,1,2,1,1,2,1,2,1,2,1,1,1,1,1,2,1,1,1,1,1,2,27,2,3,45114
150,rsmxEexlNCc6R6F8QDutQhQaTtS2,1,1,1,3,4,3,4,3,4,4,4,3,3,3,4,4,4,4,54,9,1,10,17,20,5,4,2,3,3,5,2,3,3,3,5,5,3,1,4,8,11,7,10,15,51,4,4,4,3,2,2,2,3,3,4,31,3,1,3,6,2,6,7,3,5,4,7,11,14,5,7,10,5,5,7,5,5,5,7,7,7,7,6,4,4,4,3,1,2,34,32,18,84,1,1,1,0,0,0,1,0,4,57,7,2,1,0,6,4,7,10,10,10,1,1,1,1,1,1,1,1,1,1,1,1,1,1,1,1,1,1,1,2,1,5,22,2,3,45583
151,sNWhQBtdKXRqCwimqTm65njFLs03,1,1,1,2,2,2,2,2,2,2,2,3,2,3,3,2,3,3,35,1,3,2,8,2,1,1,3,3,2,2,1,2,2,3,3,1,2,3,2,7,3,8,7,6,31,4,4,4,3,2,3,3,2,3,3,31,1,1,1,6,3,6,6,2,5,7,5,11,11,5,3,13,3,4,5,4,5,3,5,5,4,5,5,3,3,3,2,2,4,24,24,17,65,1,3,1,2,2,1,2,2,14,16,1,0,3,0,1,1,4,4,1,1,2,1,1,1,1,1,2,1,1,1,1,1,1,1,1,1,2,1,1,2,1,3,25,2,3,45312
152,shyuQBANGAQO9xV7RiyZgj1ND863,1,1,1,1,1,2,3,1,4,4,3,2,3,4,4,3,4,2,41,10,16,5,9,3,2,3,2,3,2,2,3,3,4,3,3,5,3,4,3,8,11,11,8,7,45,1,0,2,1,0,1,1,1,1,1,9,2,6,3,1,6,3,2,4,1,3,3,2,5,10,11,6,7,3,6,6,4,5,7,6,6,5,4,3,5,5,5,4,2,28,31,24,83,1,2,1,2,3,0,2,1,12,43,4,6,9,7,3,2,5,4,1,2,2,2,2,2,2,2,1,1,2,2,1,1,1,1,1,1,2,1,1,2,1,0,31,2,3,45509
153,snQr8tVmY1g5yX2HWgcMrtZ2sy82,1,1,1,3,3,2,3,2,4,4,4,4,4,3,4,3,3,3,49,10,12,10,12,16,3,4,1,4,3,4,4,3,4,4,4,3,3,3,3,7,11,11,10,11,50,2,3,4,1,3,1,2,2,3,3,24,2,4,3,5,4,6,6,3,5,7,6,10,12,7,9,13,5,5,5,3,5,5,6,6,6,5,6,4,4,4,3,2,2,29,28,19,76,1,1,2,1,1,1,1,1,9,60,5,5,6,6,6,4,6,6,8,8,2,1,2,1,1,2,1,1,1,2,1,1,2,1,1,1,1,1,2,2,1,4,28,2,3,45441
154,spu1HHV9MCSRHECv1yfe9IgBNoK2,1,1,1,4,4,4,4,4,4,5,4,3,3,3,4,4,4,4,58,9,12,6,13,20,2,4,2,1,4,4,4,3,2,4,3,4,2,2,3,7,12,5,11,9,44,2,2,2,2,3,2,3,3,1,2,22,4,3,4,5,3,6,5,2,6,4,6,11,11,5,11,10,6,6,5,6,5,5,7,6,6,6,6,3,3,3,4,3,3,31,33,19,83,3,2,2,3,3,1,3,2,19,60,4,5,5,7,5,1,5,8,10,10,1,1,2,1,2,1,2,1,1,1,2,1,1,1,2,2,1,1,1,2,1,0,28,2,3,45554
155,tG0RkBQy5hajo1g3NgdTSmmtxqk2,1,1,1,4,3,2,2,2,3,3,3,2,3,3,2,2,2,2,38,5,4,6,11,5,4,3,4,2,2,4,3,2,2,2,4,3,3,2,2,9,9,6,6,12,42,3,3,4,3,3,2,3,3,3,3,30,2,1,2,5,4,6,6,4,6,6,6,11,12,8,5,12,4,3,3,5,4,3,5,5,3,5,5,3,3,3,2,4,4,23,22,19,64,1,1,1,1,1,1,1,1,8,31,3,2,2,2,3,3,8,3,3,2,1,2,1,1,2,2,1,1,1,1,1,1,1,1,1,1,1,1,1,2,1,0,25,2,3,45314
156,tLunGY9u7Of4Z70i6zkgdeUwrbQ2,1,1,1,3,3,3,4,4,5,5,2,3,4,4,3,3,4,3,53,14,13,11,14,15,4,4,3,4,4,4,3,3,4,4,3,3,3,3,4,9,10,11,12,11,53,1,2,3,3,3,2,1,2,1,2,20,5,4,6,4,4,4,4,4,4,3,4,8,8,8,15,7,6,6,7,6,6,6,5,6,5,6,6,4,4,4,3,2,2,28,37,19,84,4,3,1,3,1,2,1,2,17,67,7,7,6,7,6,5,7,7,8,7,2,2,2,2,2,2,2,2,2,2,1,1,2,1,1,1,2,2,2,2,1,3,36,2,3,45079
157,utvPm5F63bcYYtPNnJ8fl61YsKX2,1,1,1,4,2,2,2,2,3,4,3,2,2,2,3,3,3,3,40,15,13,13,9,14,4,3,5,4,3,4,4,5,5,2,3,3,5,4,3,15,10,13,8,11,57,2,1,4,2,2,3,2,1,2,1,20,5,6,5,2,5,2,2,6,3,2,2,5,4,11,16,4,5,5,4,5,4,5,5,5,5,6,4,3,5,4,3,3,2,25,28,20,73,1,2,1,1,1,1,2,0,9,64,7,8,7,6,6,7,5,4,7,7,2,1,1,1,1,2,2,1,1,1,1,1,1,1,2,1,2,2,1,2,1,2,28,2,3,46359
158,vEjl3OutgCVSJRpBnC7GELCV8Cy1,1,0,1,3,4,4,3,3,3,3,4,3,4,3,2,3,3,3,48,12,15,14,14,16,4,4,3,2,4,4,4,2,3,3,4,4,3,3,3,8,12,8,10,12,50,3,3,3,2,2,3,2,3,2,3,26,5,5,5,5,4,5,5,4,5,5,5,10,10,8,15,10,6,5,5,5,5,5,5,6,5,5,5,3,4,4,4,4,3,26,31,22,79,3,3,2,3,1,3,2,3,20,71,6,6,8,7,8,6,7,7,8,8,1,1,1,1,2,1,2,1,1,1,1,1,1,1,1,1,1,1,1,2,1,2,24,2,2,45216
159,vsE5FxxMCnc7E3APURa6a5zhXf92,1,1,1,3,4,3,5,3,3,2,3,2,2,5,4,3,5,5,52,7,7,1,3,0,2,4,1,2,3,2,4,1,1,3,3,4,1,1,3,3,12,4,9,7,35,3,4,2,3,4,2,2,4,1,3,28,1,2,1,4,2,7,5,3,4,5,5,8,10,5,4,12,3,5,5,5,6,5,6,5,7,5,5,2,1,2,2,2,1,28,29,10,67,3,3,1,2,3,1,2,3,18,18,4,3,5,2,1,0,0,3,0,0,1,1,1,1,2,1,2,1,2,1,1,1,1,1,1,1,1,1,1,2,1,2,25,2,3,46376
160,vuwWCznRmXSihq0tthJlHT36DH83,1,1,1,3,3,4,4,4,4,3,4,4,4,2,3,4,1,1,48,14,14,10,17,19,4,5,2,4,4,5,5,2,4,2,4,5,2,4,3,6,15,12,9,13,55,2,4,4,2,2,4,1,2,0,2,23,5,6,7,1,4,4,7,6,1,3,7,2,14,10,18,7,3,6,6,6,6,6,7,6,7,6,7,2,2,2,3,2,2,33,33,13,79,4,4,1,3,3,0,3,2,20,74,5,9,6,8,6,4,7,10,9,10,2,1,1,1,1,1,1,1,1,1,1,1,1,1,1,1,2,2,2,2,1,0,26,2,3,45115
161,w8s8hqnU9Dgorbyyml18459efgv1,1,1,1,2,2,3,2,2,4,3,1,4,4,2,2,2,2,2,37,10,10,11,16,15,4,3,4,3,4,4,2,3,2,2,4,4,2,2,2,9,9,7,8,12,45,3,3,4,2,2,2,1,1,2,3,23,3,1,4,6,3,5,5,5,5,5,6,11,11,8,8,10,6,6,3,5,3,5,3,6,5,5,6,4,4,4,2,2,2,25,28,18,71,1,3,1,2,1,1,1,3,13,62,5,5,7,3,8,3,8,8,8,7,1,1,1,1,1,1,1,1,1,1,1,1,1,1,1,1,1,1,1,2,1,1,22,2,3,45497
162,xaGX4olfqBdy432ehRpdKpHFbr32,0,1,1,5,5,5,5,5,5,5,5,5,5,5,5,5,5,5,75,20,20,20,20,20,5,5,1,1,5,5,1,1,1,5,5,5,1,1,5,3,11,3,15,15,47,4,4,4,0,0,4,0,0,4,4,24,7,7,7,1,7,2,1,7,2,1,5,3,6,14,21,3,7,7,7,7,7,7,7,7,7,7,7,5,5,5,5,5,5,35,42,30,107,1,3,1,3,1,3,1,3,16,100,10,10,10,10,10,10,10,10,10,10,2,2,2,2,2,2,2,2,2,2,2,2,2,2,2,2,2,2,2,2,2,3,42,2,2,45565
163,xhNSiaOrwfWWcO8S9uCtItA5ZcF2,1,1,1,2,2,2,2,2,2,4,4,4,4,3,3,3,3,3,43,13,13,13,9,14,1,2,4,4,3,2,2,3,4,2,3,3,3,4,3,10,7,12,8,6,43,2,2,4,1,2,3,3,1,1,2,21,5,6,6,3,5,4,5,5,2,1,6,5,11,10,17,5,3,5,3,3,3,5,7,7,6,7,6,2,2,2,3,2,2,33,22,13,68,3,1,1,1,1,1,1,2,11,62,7,6,6,7,8,5,5,4,7,7,1,1,1,1,2,1,2,1,1,1,1,1,1,1,1,1,1,1,1,2,1,1,24,2,3,45187
164,y5QCP8D6rVSMmxYrUnwOKkrelmK2,1,1,1,3,2,2,2,2,3,3,3,2,2,4,4,4,4,4,44,16,15,13,14,18,3,4,4,4,4,2,3,3,4,4,4,2,3,4,4,10,9,12,12,9,52,2,3,1,1,1,1,1,1,2,1,14,6,7,7,2,7,3,1,7,4,1,3,6,4,14,20,4,3,5,6,5,6,5,6,6,6,6,6,4,4,4,2,2,2,30,30,18,78,3,4,1,2,3,1,3,3,20,76,8,8,6,9,8,5,7,7,9,9,2,2,2,2,2,2,2,2,2,2,1,1,1,2,1,2,2,1,2,2,1,1,36,2,3,45222
165,zNHkRdvNNsUpLDjtTnhyZl0WGJg1,1,1,1,4,4,4,3,4,5,3,3,4,4,3,4,4,4,3,56,13,12,11,16,17,5,4,2,1,4,5,3,2,3,3,5,4,4,2,4,8,11,6,11,15,51,1,3,3,3,2,3,3,1,4,2,25,6,6,6,4,4,2,6,5,4,2,6,8,12,9,18,4,6,6,6,6,6,6,7,5,6,5,4,4,5,4,2,2,2,27,36,19,82,1,3,1,2,2,1,1,2,13,69,8,5,4,8,6,5,6,10,9,8,2,1,2,1,2,2,1,1,1,1,1,1,2,1,1,1,1,1,1,2,1,2,27,2,3,45116
166,zTgKXjEnzbOC2DyW7O7pB7kHuhr1,1,1,1,4,5,4,4,4,3,3,3,3,3,3,4,2,3,3,51,9,15,7,15,10,4,1,4,4,3,1,1,3,4,3,3,2,4,4,2,11,4,12,8,8,43,1,1,3,2,2,1,1,0,1,1,13,2,4,4,1,4,4,5,4,2,3,5,3,10,8,10,7,6,6,5,6,5,5,6,5,6,6,5,3,4,4,2,2,3,28,33,18,79,1,1,0,1,2,0,1,1,7,56,4,5,8,7,3,4,6,9,6,4,1,2,1,2,2,1,1,1,2,1,1,1,1,2,1,1,1,2,2,2,1,1,29,2,3,45072
167,zfFaZgpkQbOnLsSbmX5n666l9rn2,1,1,1,4,3,3,3,4,3,3,4,4,3,4,4,3,3,3,51,7,4,4,8,5,4,2,3,2,3,3,2,3,3,3,4,2,3,3,3,9,6,8,9,11,43,2,3,3,2,2,3,3,2,3,2,25,2,3,2,5,3,5,5,3,6,6,5,11,10,6,7,11,3,4,5,4,5,4,5,5,5,5,5,2,2,3,2,2,1,25,25,12,62,2,3,3,2,2,2,2,3,19,28,3,4,2,2,2,2,4,4,2,3,1,1,1,1,1,2,1,1,2,1,1,2,1,1,1,2,1,1,1,2,1,0,26,2,3,45527
168,zfp3aWeCAqfa0o7xZ30zybZkJij1,1,1,1,2,2,3,3,4,2,3,2,2,2,4,2,3,3,2,39,10,5,8,11,17,4,2,3,2,3,2,1,2,3,2,4,1,2,3,2,7,4,8,7,10,36,2,3,4,2,2,3,2,3,3,3,27,2,2,4,4,3,3,7,3,6,4,6,10,13,6,8,7,5,5,6,3,2,3,6,5,6,6,6,3,3,4,2,2,1,29,24,15,68,2,3,1,2,3,0,1,3,15,51,6,4,4,1,6,2,5,6,9,8,1,1,1,1,1,2,1,1,1,2,1,1,2,1,1,1,2,1,2,2,1,3,27,2,3,45185
169,zgoYmuKmEtZr3CyFoQWjNlnYbgA2,1,1,1,4,3,3,3,5,3,4,3,2,2,3,4,3,3,3,48,18,17,18,20,20,3,4,3,5,4,3,4,4,4,3,3,4,3,3,3,10,12,12,10,9,53,0,3,2,0,3,0,0,2,2,0,12,7,7,7,1,6,2,4,7,2,1,4,3,8,13,21,3,6,6,7,7,7,4,6,7,6,7,7,4,5,5,3,4,3,33,37,24,94,3,3,2,1,3,1,1,2,16,93,9,9,9,8,10,8,10,10,10,10,2,2,2,2,2,2,2,2,2,2,1,1,1,1,1,1,2,2,2,2,1,0,35,2,3,45483
